pc_time_s,timestamp_ms,P_abs,P_g,P_atm,raw_line
1778765545.905637,1259,99.20,-0.07,99.27,"1259,99.20,-0.07,99.27,0.00,IDLE,0,-1"
1778765546.0005598,1359,99.20,-0.07,99.27,"1359,99.20,-0.07,99.27,0.00,IDLE,0,-1"
1778765546.099463,1459,99.20,-0.07,99.27,"1459,99.20,-0.07,99.27,0.00,IDLE,0,-1"
1778765546.1994686,1559,99.20,-0.07,99.27,"1559,99.20,-0.07,99.27,0.00,IDLE,0,-1"
1778765546.2998896,1659,99.20,-0.07,99.27,"1659,99.20,-0.07,99.27,0.00,IDLE,0,-1"
1778765546.400202,1759,99.20,-0.07,99.27,"1759,99.20,-0.07,99.27,0.00,IDLE,0,-1"
1778765546.5002272,1859,99.44,0.18,99.27,"1859,99.44,0.18,99.27,0.00,IDLE,0,-1"
1778765546.6002054,1959,99.44,0.18,99.27,"1959,99.44,0.18,99.27,0.00,IDLE,0,-1"
1778765546.699583,2059,99.44,0.18,99.27,"2059,99.44,0.18,99.27,0.00,IDLE,0,-1"
1778765546.7992632,2159,99.44,0.18,99.27,"2159,99.44,0.18,99.27,0.00,IDLE,0,-1"
1778765546.9006824,2259,99.44,0.18,99.27,"2259,99.44,0.18,99.27,0.00,IDLE,0,-1"
1778765546.99952,2359,99.20,-0.07,99.27,"2359,99.20,-0.07,99.27,0.00,IDLE,0,-1"
1778765547.1000452,2459,99.20,-0.07,99.27,"2459,99.20,-0.07,99.27,0.00,IDLE,0,-1"
1778765547.2005928,2560,99.44,0.18,99.27,"2560,99.44,0.18,99.27,0.00,IDLE,0,-1"
1778765547.3006535,2660,99.44,0.18,99.27,"2660,99.44,0.18,99.27,0.00,IDLE,0,-1"
1778765547.401145,2760,99.20,-0.07,99.27,"2760,99.20,-0.07,99.27,0.00,IDLE,0,-1"
1778765547.5007856,2860,99.44,0.18,99.27,"2860,99.44,0.18,99.27,0.00,IDLE,0,-1"
1778765547.600971,2960,99.20,-0.07,99.27,"2960,99.20,-0.07,99.27,0.00,IDLE,0,-1"
1778765547.7012882,3060,99.20,-0.07,99.27,"3060,99.20,-0.07,99.27,0.00,IDLE,0,-1"
1778765547.8004787,3160,99.44,0.18,99.27,"3160,99.44,0.18,99.27,0.00,IDLE,0,-1"
1778765547.9013364,3260,99.20,-0.07,99.27,"3260,99.20,-0.07,99.27,0.00,IDLE,0,-1"
1778765548.0008023,3360,99.20,-0.07,99.27,"3360,99.20,-0.07,99.27,0.00,IDLE,0,-1"
1778765548.1008496,3460,99.20,-0.07,99.27,"3460,99.20,-0.07,99.27,0.00,IDLE,0,-1"
1778765548.201136,3560,99.20,-0.07,99.27,"3560,99.20,-0.07,99.27,0.00,IDLE,0,-1"
1778765548.3013031,3660,99.44,0.18,99.27,"3660,99.44,0.18,99.27,0.00,IDLE,0,-1"
1778765548.4006479,3760,99.44,0.18,99.27,"3760,99.44,0.18,99.27,0.00,IDLE,0,-1"
1778765548.50083,3860,99.20,-0.07,99.27,"3860,99.20,-0.07,99.27,0.00,IDLE,0,-1"
1778765548.601033,3960,99.44,0.18,99.27,"3960,99.44,0.18,99.27,0.00,IDLE,0,-1"
1778765548.6999888,4060,99.44,0.18,99.27,"4060,99.44,0.18,99.27,0.00,IDLE,0,-1"
1778765548.8006625,4160,99.20,-0.07,99.27,"4160,99.20,-0.07,99.27,0.00,IDLE,0,-1"
1778765548.9011412,4260,99.20,-0.07,99.27,"4260,99.20,-0.07,99.27,0.00,IDLE,0,-1"
1778765549.0001986,4360,99.44,0.18,99.27,"4360,99.44,0.18,99.27,0.00,IDLE,0,-1"
1778765549.1013825,4460,99.20,-0.07,99.27,"4460,99.20,-0.07,99.27,0.00,IDLE,0,-1"
1778765549.2007492,4560,99.44,0.18,99.27,"4560,99.44,0.18,99.27,0.00,IDLE,0,-1"
1778765549.3010085,4660,99.20,-0.07,99.27,"4660,99.20,-0.07,99.27,0.00,IDLE,0,-1"
1778765549.4005501,4760,99.20,-0.07,99.27,"4760,99.20,-0.07,99.27,0.00,IDLE,0,-1"
1778765549.5012264,4860,99.20,-0.07,99.27,"4860,99.20,-0.07,99.27,0.00,IDLE,0,-1"
1778765549.600262,4960,99.20,-0.07,99.27,"4960,99.20,-0.07,99.27,0.00,IDLE,0,-1"
1778765549.700925,5060,99.20,-0.07,99.27,"5060,99.20,-0.07,99.27,0.00,IDLE,0,-1"
1778765549.801034,5160,99.20,-0.07,99.27,"5160,99.20,-0.07,99.27,0.00,IDLE,0,-1"
1778765549.9008787,5260,99.20,-0.07,99.27,"5260,99.20,-0.07,99.27,0.00,IDLE,0,-1"
1778765550.001027,5360,99.20,-0.07,99.27,"5360,99.20,-0.07,99.27,0.00,IDLE,0,-1"
1778765550.101289,5460,99.44,0.18,99.27,"5460,99.44,0.18,99.27,0.00,IDLE,0,-1"
1778765550.200805,5560,99.44,0.18,99.27,"5560,99.44,0.18,99.27,0.00,IDLE,0,-1"
1778765550.3006232,5660,99.20,-0.07,99.27,"5660,99.20,-0.07,99.27,0.00,IDLE,0,-1"
1778765550.4000926,5760,99.20,-0.07,99.27,"5760,99.20,-0.07,99.27,0.00,IDLE,0,-1"
1778765550.5002542,5860,99.20,-0.07,99.27,"5860,99.20,-0.07,99.27,0.00,IDLE,0,-1"
1778765550.6011138,5960,99.20,-0.07,99.27,"5960,99.20,-0.07,99.27,0.00,IDLE,0,-1"
1778765550.7005532,6060,99.20,-0.07,99.27,"6060,99.20,-0.07,99.27,0.00,IDLE,0,-1"
1778765550.800499,6160,99.20,-0.07,99.27,"6160,99.20,-0.07,99.27,0.00,IDLE,0,-1"
1778765550.9011261,6260,99.20,-0.07,99.27,"6260,99.20,-0.07,99.27,0.00,IDLE,0,-1"
1778765550.9998715,6360,99.44,0.18,99.27,"6360,99.44,0.18,99.27,0.00,IDLE,0,-1"
1778765551.101095,6460,99.20,-0.07,99.27,"6460,99.20,-0.07,99.27,0.00,IDLE,0,-1"
1778765551.2009406,6560,99.20,-0.07,99.27,"6560,99.20,-0.07,99.27,0.00,IDLE,0,-1"
1778765551.3002899,6660,99.20,-0.07,99.27,"6660,99.20,-0.07,99.27,0.00,IDLE,0,-1"
1778765551.4011312,6760,99.20,-0.07,99.27,"6760,99.20,-0.07,99.27,0.00,IDLE,0,-1"
1778765551.5012326,6860,99.20,-0.07,99.27,"6860,99.20,-0.07,99.27,0.00,IDLE,0,-1"
1778765551.6009748,6960,99.20,-0.07,99.27,"6960,99.20,-0.07,99.27,0.00,IDLE,0,-1"
1778765551.7011557,7060,99.20,-0.07,99.27,"7060,99.20,-0.07,99.27,0.00,IDLE,0,-1"
1778765551.8016515,7160,99.20,-0.07,99.27,"7160,99.20,-0.07,99.27,0.00,IDLE,0,-1"
1778765551.9011726,7260,99.20,-0.07,99.27,"7260,99.20,-0.07,99.27,0.00,IDLE,0,-1"
1778765552.001625,7360,99.20,-0.07,99.27,"7360,99.20,-0.07,99.27,0.00,IDLE,0,-1"
1778765552.1008523,7460,99.20,-0.07,99.27,"7460,99.20,-0.07,99.27,0.00,IDLE,0,-1"
1778765552.2003334,7560,99.20,-0.07,99.27,"7560,99.20,-0.07,99.27,0.00,IDLE,0,-1"
1778765552.3009615,7660,99.44,0.18,99.27,"7660,99.44,0.18,99.27,0.00,IDLE,0,-1"
1778765552.4018958,7760,99.20,-0.07,99.27,"7760,99.20,-0.07,99.27,0.00,IDLE,0,-1"
1778765552.5005112,7860,99.44,0.18,99.27,"7860,99.44,0.18,99.27,0.00,IDLE,0,-1"
1778765552.600721,7960,99.44,0.18,99.27,"7960,99.44,0.18,99.27,0.00,IDLE,0,-1"
1778765552.700785,8060,99.44,0.18,99.27,"8060,99.44,0.18,99.27,0.00,IDLE,0,-1"
1778765552.8004124,8160,99.44,0.18,99.27,"8160,99.44,0.18,99.27,0.00,IDLE,0,-1"
1778765552.900795,8260,99.44,0.18,99.27,"8260,99.44,0.18,99.27,0.00,IDLE,0,-1"
1778765553.0013976,8360,99.44,0.18,99.27,"8360,99.44,0.18,99.27,0.00,IDLE,0,-1"
1778765553.1000497,8460,99.44,0.18,99.27,"8460,99.44,0.18,99.27,0.00,IDLE,0,-1"
1778765553.2012858,8560,101.64,2.38,99.27,"8560,101.64,2.38,99.27,0.00,IDLE,0,-1"
1778765553.301559,8660,101.89,2.62,99.27,"8660,101.89,2.62,99.27,0.00,IDLE,0,-1"
1778765553.4004946,8760,101.89,2.62,99.27,"8760,101.89,2.62,99.27,0.00,IDLE,0,-1"
1778765553.5009997,8860,101.89,2.62,99.27,"8860,101.89,2.62,99.27,0.00,IDLE,0,-1"
1778765553.600834,8960,101.89,2.62,99.27,"8960,101.89,2.62,99.27,0.00,IDLE,0,-1"
1778765553.700921,9060,102.86,3.60,99.27,"9060,102.86,3.60,99.27,0.00,IDLE,0,-1"
1778765553.800791,9160,102.86,3.60,99.27,"9160,102.86,3.60,99.27,0.00,IDLE,0,-1"
1778765553.9003894,9260,102.86,3.60,99.27,"9260,102.86,3.60,99.27,0.00,IDLE,0,-1"
1778765554.000576,9360,102.86,3.60,99.27,"9360,102.86,3.60,99.27,0.00,IDLE,0,-1"
1778765554.1006863,9460,102.86,3.60,99.27,"9460,102.86,3.60,99.27,0.00,IDLE,0,-1"
1778765554.199788,9560,103.84,4.57,99.27,"9560,103.84,4.57,99.27,0.00,IDLE,0,-1"
1778765554.300353,9660,103.84,4.57,99.27,"9660,103.84,4.57,99.27,0.00,IDLE,0,-1"
1778765554.4016218,9760,103.60,4.33,99.27,"9760,103.60,4.33,99.27,0.00,IDLE,0,-1"
1778765554.5003078,9860,103.60,4.33,99.27,"9860,103.60,4.33,99.27,0.00,IDLE,0,-1"
1778765554.6017497,9960,103.60,4.33,99.27,"9960,103.60,4.33,99.27,0.00,IDLE,0,-1"
1778765554.7013826,10060,103.60,4.33,99.27,"10060,103.60,4.33,99.27,0.00,IDLE,0,-1"
1778765554.8010018,10160,103.60,4.33,99.27,"10160,103.60,4.33,99.27,0.00,IDLE,0,-1"
1778765554.9006045,10260,103.60,4.33,99.27,"10260,103.60,4.33,99.27,0.00,IDLE,0,-1"
1778765555.0009656,10360,104.09,4.82,99.27,"10360,104.09,4.82,99.27,0.00,IDLE,0,-1"
1778765555.1005857,10460,104.57,5.31,99.27,"10460,104.57,5.31,99.27,0.00,IDLE,0,-1"
1778765555.2013586,10560,104.57,5.31,99.27,"10560,104.57,5.31,99.27,0.00,IDLE,0,-1"
1778765555.3008766,10660,104.57,5.31,99.27,"10660,104.57,5.31,99.27,0.00,IDLE,0,-1"
1778765555.4007046,10760,104.57,5.31,99.27,"10760,104.57,5.31,99.27,0.00,IDLE,0,-1"
1778765555.5006325,10860,104.33,5.06,99.27,"10860,104.33,5.06,99.27,0.00,IDLE,0,-1"
1778765555.601523,10960,104.57,5.31,99.27,"10960,104.57,5.31,99.27,0.00,IDLE,0,-1"
1778765555.7009583,11060,104.57,5.31,99.27,"11060,104.57,5.31,99.27,0.00,IDLE,0,-1"
1778765555.8007107,11160,104.57,5.31,99.27,"11160,104.57,5.31,99.27,0.00,IDLE,0,-1"
1778765555.9018588,11260,104.57,5.31,99.27,"11260,104.57,5.31,99.27,0.00,IDLE,0,-1"
1778765556.0008924,11360,104.57,5.31,99.27,"11360,104.57,5.31,99.27,0.00,IDLE,0,-1"
1778765556.101199,11460,104.57,5.31,99.27,"11460,104.57,5.31,99.27,0.00,IDLE,0,-1"
1778765556.2015615,11560,104.57,5.31,99.27,"11560,104.57,5.31,99.27,0.00,IDLE,0,-1"
1778765556.3010812,11660,104.57,5.31,99.27,"11660,104.57,5.31,99.27,0.00,IDLE,0,-1"
1778765556.4014513,11760,104.57,5.31,99.27,"11760,104.57,5.31,99.27,0.00,IDLE,0,-1"
1778765556.5017815,11860,104.57,5.31,99.27,"11860,104.57,5.31,99.27,0.00,IDLE,0,-1"
1778765556.600566,11960,104.57,5.31,99.27,"11960,104.57,5.31,99.27,0.00,IDLE,0,-1"
1778765556.7012572,12060,104.57,5.31,99.27,"12060,104.57,5.31,99.27,0.00,IDLE,0,-1"
1778765556.8013802,12160,104.57,5.31,99.27,"12160,104.57,5.31,99.27,0.00,IDLE,0,-1"
1778765556.901137,12260,104.57,5.31,99.27,"12260,104.57,5.31,99.27,0.00,IDLE,0,-1"
1778765557.0010889,12360,104.57,5.31,99.27,"12360,104.57,5.31,99.27,0.00,IDLE,0,-1"
1778765557.1008244,12460,104.57,5.31,99.27,"12460,104.57,5.31,99.27,0.00,IDLE,0,-1"
1778765557.2009752,12560,104.57,5.31,99.27,"12560,104.57,5.31,99.27,0.00,IDLE,0,-1"
1778765557.3012755,12660,104.57,5.31,99.27,"12660,104.57,5.31,99.27,0.00,IDLE,0,-1"
1778765557.4006417,12760,104.82,5.55,99.27,"12760,104.82,5.55,99.27,0.00,IDLE,0,-1"
1778765557.501048,12860,104.57,5.31,99.27,"12860,104.57,5.31,99.27,0.00,IDLE,0,-1"
1778765557.6014585,12960,104.82,5.55,99.27,"12960,104.82,5.55,99.27,0.00,IDLE,0,-1"
1778765557.7004056,13060,104.57,5.31,99.27,"13060,104.57,5.31,99.27,0.00,IDLE,0,-1"
1778765557.7998722,13160,104.57,5.31,99.27,"13160,104.57,5.31,99.27,0.00,IDLE,0,-1"
1778765557.9017591,13260,104.57,5.31,99.27,"13260,104.57,5.31,99.27,0.00,IDLE,0,-1"
1778765558.0009363,13360,104.57,5.31,99.27,"13360,104.57,5.31,99.27,0.00,IDLE,0,-1"
1778765558.101169,13460,104.57,5.31,99.27,"13460,104.57,5.31,99.27,0.00,IDLE,0,-1"
1778765558.2015169,13560,104.57,5.31,99.27,"13560,104.57,5.31,99.27,0.00,IDLE,0,-1"
1778765558.3008811,13660,104.57,5.31,99.27,"13660,104.57,5.31,99.27,0.00,IDLE,0,-1"
1778765558.4006958,13760,104.57,5.31,99.27,"13760,104.57,5.31,99.27,0.00,IDLE,0,-1"
1778765558.500812,13860,104.82,5.55,99.27,"13860,104.82,5.55,99.27,0.00,IDLE,0,-1"
1778765558.6006608,13960,104.82,5.55,99.27,"13960,104.82,5.55,99.27,0.00,IDLE,0,-1"
1778765558.7005637,14060,104.82,5.55,99.27,"14060,104.82,5.55,99.27,0.00,IDLE,0,-1"
1778765558.8016324,14160,104.82,5.55,99.27,"14160,104.82,5.55,99.27,0.00,IDLE,0,-1"
1778765558.9001868,14260,104.57,5.31,99.27,"14260,104.57,5.31,99.27,0.00,IDLE,0,-1"
1778765559.0012252,14360,104.82,5.55,99.27,"14360,104.82,5.55,99.27,0.00,IDLE,0,-1"
1778765559.1014302,14460,105.80,6.53,99.27,"14460,105.80,6.53,99.27,0.00,IDLE,0,-1"
1778765559.2006028,14560,105.80,6.53,99.27,"14560,105.80,6.53,99.27,0.00,IDLE,0,-1"
1778765559.3012302,14660,106.04,6.77,99.27,"14660,106.04,6.77,99.27,0.00,IDLE,0,-1"
1778765559.4014192,14760,106.29,7.02,99.27,"14760,106.29,7.02,99.27,0.00,IDLE,0,-1"
1778765559.5008397,14860,106.29,7.02,99.27,"14860,106.29,7.02,99.27,0.00,IDLE,0,-1"
1778765559.6010547,14960,106.53,7.26,99.27,"14960,106.53,7.26,99.27,0.00,IDLE,0,-1"
1778765559.7016113,15060,106.77,7.51,99.27,"15060,106.77,7.51,99.27,0.00,IDLE,0,-1"
1778765559.800635,15160,106.77,7.51,99.27,"15160,106.77,7.51,99.27,0.00,IDLE,0,-1"
1778765559.9011483,15260,106.77,7.51,99.27,"15260,106.77,7.51,99.27,0.00,IDLE,0,-1"
1778765560.000443,15360,106.77,7.51,99.27,"15360,106.77,7.51,99.27,0.00,IDLE,0,-1"
1778765560.1008997,15460,107.51,8.24,99.27,"15460,107.51,8.24,99.27,0.00,IDLE,0,-1"
1778765560.2008557,15560,107.51,8.24,99.27,"15560,107.51,8.24,99.27,0.00,IDLE,0,-1"
1778765560.300698,15660,107.51,8.24,99.27,"15660,107.51,8.24,99.27,0.00,IDLE,0,-1"
1778765560.4008274,15760,107.51,8.24,99.27,"15760,107.51,8.24,99.27,0.00,IDLE,0,-1"
1778765560.5014532,15860,107.51,8.24,99.27,"15860,107.51,8.24,99.27,0.00,IDLE,0,-1"
1778765560.600338,15960,107.75,8.48,99.27,"15960,107.75,8.48,99.27,0.00,IDLE,0,-1"
1778765560.7005212,16060,107.75,8.48,99.27,"16060,107.75,8.48,99.27,0.00,IDLE,0,-1"
1778765560.8007476,16160,108.00,8.73,99.27,"16160,108.00,8.73,99.27,0.00,IDLE,0,-1"
1778765560.9003508,16260,108.00,8.73,99.27,"16260,108.00,8.73,99.27,0.00,IDLE,0,-1"
1778765561.0015113,16360,108.00,8.73,99.27,"16360,108.00,8.73,99.27,0.00,IDLE,0,-1"
1778765561.1007726,16460,108.00,8.73,99.27,"16460,108.00,8.73,99.27,0.00,IDLE,0,-1"
1778765561.200722,16560,108.48,9.22,99.27,"16560,108.48,9.22,99.27,0.00,IDLE,0,-1"
1778765561.300725,16660,108.97,9.71,99.27,"16660,108.97,9.71,99.27,0.00,IDLE,0,-1"
1778765561.4013417,16760,110.68,11.42,99.27,"16760,110.68,11.42,99.27,0.00,IDLE,0,-1"
1778765561.5007193,16860,112.88,13.62,99.27,"16860,112.88,13.62,99.27,0.00,IDLE,0,-1"
1778765561.6012197,16960,113.62,14.35,99.27,"16960,113.62,14.35,99.27,0.00,IDLE,0,-1"
1778765561.7015815,17060,114.35,15.08,99.27,"17060,114.35,15.08,99.27,0.00,IDLE,0,-1"
1778765561.8008912,17160,114.59,15.33,99.27,"17160,114.59,15.33,99.27,0.00,IDLE,0,-1"
1778765561.9012625,17260,114.84,15.57,99.27,"17260,114.84,15.57,99.27,0.00,IDLE,0,-1"
1778765562.0011218,17360,118.50,19.24,99.27,"17360,118.50,19.24,99.27,0.00,IDLE,0,-1"
1778765562.101097,17460,123.15,23.88,99.27,"17460,123.15,23.88,99.27,0.00,IDLE,0,-1"
1778765562.2008448,17560,128.52,29.26,99.27,"17560,128.52,29.26,99.27,0.00,IDLE,0,-1"
1778765562.301703,17660,129.75,30.48,99.27,"17660,129.75,30.48,99.27,0.00,IDLE,0,-1"
1778765562.4002101,17760,130.23,30.97,99.27,"17760,130.23,30.97,99.27,0.00,IDLE,0,-1"
1778765562.5010855,17860,130.72,31.46,99.27,"17860,130.72,31.46,99.27,0.00,IDLE,0,-1"
1778765562.6016128,17960,130.72,31.46,99.27,"17960,130.72,31.46,99.27,0.00,IDLE,0,-1"
1778765562.700379,18060,130.72,31.46,99.27,"18060,130.72,31.46,99.27,0.00,IDLE,0,-1"
1778765562.8010845,18160,131.21,31.95,99.27,"18160,131.21,31.95,99.27,0.00,IDLE,0,-1"
1778765562.9015198,18260,134.39,35.12,99.27,"18260,134.39,35.12,99.27,0.00,IDLE,0,-1"
1778765563.0006473,18360,139.28,40.01,99.27,"18360,139.28,40.01,99.27,0.00,IDLE,0,-1"
1778765563.1012957,18460,143.92,44.65,99.27,"18460,143.92,44.65,99.27,0.00,IDLE,0,-1"
1778765563.2015743,18560,145.63,46.36,99.27,"18560,145.63,46.36,99.27,0.00,IDLE,0,-1"
1778765563.3012776,18660,145.87,46.61,99.27,"18660,145.87,46.61,99.27,0.00,IDLE,0,-1"
1778765563.4008331,18760,146.12,46.85,99.27,"18760,146.12,46.85,99.27,0.00,IDLE,0,-1"
1778765563.5006177,18860,146.36,47.10,99.27,"18860,146.36,47.10,99.27,0.00,IDLE,0,-1"
1778765563.6013098,18960,146.61,47.34,99.27,"18960,146.61,47.34,99.27,0.00,IDLE,0,-1"
1778765563.701726,19060,146.61,47.34,99.27,"19060,146.61,47.34,99.27,0.00,IDLE,0,-1"
1778765563.8007705,19160,148.07,48.81,99.27,"19160,148.07,48.81,99.27,0.00,IDLE,0,-1"
1778765563.901141,19260,152.72,53.45,99.27,"19260,152.72,53.45,99.27,0.00,IDLE,0,-1"
1778765564.0013225,19360,157.36,58.09,99.27,"19360,157.36,58.09,99.27,0.00,IDLE,0,-1"
1778765564.1009383,19460,160.29,61.03,99.27,"19460,160.29,61.03,99.27,0.00,IDLE,0,-1"
1778765564.201727,19560,162.49,63.23,99.27,"19560,162.49,63.23,99.27,0.00,IDLE,0,-1"
1778765564.301233,19660,162.98,63.71,99.27,"19660,162.98,63.71,99.27,0.00,IDLE,0,-1"
1778765564.4007785,19760,163.23,63.96,99.27,"19760,163.23,63.96,99.27,0.00,IDLE,0,-1"
1778765564.5004585,19860,163.47,64.20,99.27,"19860,163.47,64.20,99.27,0.00,IDLE,0,-1"
1778765564.601082,19960,163.47,64.20,99.27,"19960,163.47,64.20,99.27,0.00,IDLE,0,-1"
1778765564.7008057,20060,163.71,64.45,99.27,"20060,163.71,64.45,99.27,0.00,IDLE,0,-1"
1778765564.8018346,20160,163.71,64.45,99.27,"20160,163.71,64.45,99.27,0.00,IDLE,0,-1"
1778765564.901366,20260,163.47,64.20,99.27,"20260,163.47,64.20,99.27,0.00,IDLE,0,-1"
1778765565.0003603,20360,167.38,68.11,99.27,"20360,167.38,68.11,99.27,0.00,IDLE,0,-1"
1778765565.1011415,20460,170.56,71.29,99.27,"20460,170.56,71.29,99.27,0.00,IDLE,0,-1"
1778765565.2013373,20560,177.16,77.89,99.27,"20560,177.16,77.89,99.27,0.00,IDLE,0,-1"
1778765565.300858,20660,179.35,80.09,99.27,"20660,179.35,80.09,99.27,0.00,IDLE,0,-1"
1778765565.4013937,20760,180.09,80.82,99.27,"20760,180.09,80.82,99.27,0.00,IDLE,0,-1"
1778765565.5017715,20860,180.33,81.07,99.27,"20860,180.33,81.07,99.27,0.00,IDLE,0,-1"
1778765565.601043,20960,180.33,81.07,99.27,"20960,180.33,81.07,99.27,0.00,IDLE,0,-1"
1778765565.7008069,21060,180.33,81.07,99.27,"21060,180.33,81.07,99.27,0.00,IDLE,0,-1"
1778765565.801084,21160,180.33,81.07,99.27,"21160,180.33,81.07,99.27,0.00,IDLE,0,-1"
1778765565.90111,21260,180.33,81.07,99.27,"21260,180.33,81.07,99.27,0.00,IDLE,0,-1"
1778765566.0012093,21360,181.80,82.53,99.27,"21360,181.80,82.53,99.27,0.00,IDLE,0,-1"
1778765566.1014662,21460,185.71,86.44,99.27,"21460,185.71,86.44,99.27,0.00,IDLE,0,-1"
1778765566.2010965,21560,191.09,91.82,99.27,"21560,191.09,91.82,99.27,0.00,IDLE,0,-1"
1778765566.3012946,21660,192.55,93.28,99.27,"21660,192.55,93.28,99.27,0.00,IDLE,0,-1"
1778765566.4006824,21760,193.04,93.77,99.27,"21760,193.04,93.77,99.27,0.00,IDLE,0,-1"
1778765566.501047,21860,193.04,93.77,99.27,"21860,193.04,93.77,99.27,0.00,IDLE,0,-1"
1778765566.601458,21960,193.04,93.77,99.27,"21960,193.04,93.77,99.27,0.00,IDLE,0,-1"
1778765566.7012718,22060,193.28,94.02,99.27,"22060,193.28,94.02,99.27,0.00,IDLE,0,-1"
1778765566.8004966,22160,193.28,94.02,99.27,"22160,193.28,94.02,99.27,0.00,IDLE,0,-1"
1778765566.901246,22260,193.53,94.26,99.27,"22260,193.53,94.26,99.27,0.00,IDLE,0,-1"
1778765567.0001657,22360,193.28,94.02,99.27,"22360,193.28,94.02,99.27,0.00,IDLE,0,-1"
1778765567.1010084,22460,193.28,94.02,99.27,"22460,193.28,94.02,99.27,0.00,IDLE,0,-1"
1778765567.2011049,22560,194.51,95.24,99.27,"22560,194.51,95.24,99.27,0.00,IDLE,0,-1"
1778765567.3007832,22660,196.71,97.44,99.27,"22660,196.71,97.44,99.27,0.00,IDLE,0,-1"
1778765567.4010339,22760,198.91,99.64,99.27,"22760,198.91,99.64,99.27,0.00,IDLE,0,-1"
1778765567.5017006,22860,201.10,101.84,99.27,"22860,201.10,101.84,99.27,0.00,IDLE,0,-1"
1778765567.6006527,22960,201.59,102.33,99.27,"22960,201.59,102.33,99.27,0.00,IDLE,0,-1"
1778765567.7023687,23060,204.28,105.01,99.27,"23060,204.28,105.01,99.27,0.00,IDLE,0,-1"
1778765567.8016374,23160,205.26,105.99,99.27,"23160,205.26,105.99,99.27,0.00,IDLE,0,-1"
1778765567.9011195,23260,205.50,106.24,99.27,"23260,205.50,106.24,99.27,0.00,IDLE,0,-1"
1778765568.0009117,23360,205.75,106.48,99.27,"23360,205.75,106.48,99.27,0.00,IDLE,0,-1"
1778765568.101292,23460,205.99,106.73,99.27,"23460,205.99,106.73,99.27,0.00,IDLE,0,-1"
1778765568.2011404,23560,205.99,106.73,99.27,"23560,205.99,106.73,99.27,0.00,IDLE,0,-1"
1778765568.3010883,23660,205.99,106.73,99.27,"23660,205.99,106.73,99.27,0.00,IDLE,0,-1"
1778765568.4012046,23760,207.46,108.19,99.27,"23760,207.46,108.19,99.27,0.00,IDLE,0,-1"
1778765568.5010145,23860,209.41,110.15,99.27,"23860,209.41,110.15,99.27,0.00,IDLE,0,-1"
1778765568.600666,23960,213.81,114.55,99.27,"23960,213.81,114.55,99.27,0.00,IDLE,0,-1"
1778765568.7015631,24060,214.79,115.52,99.27,"24060,214.79,115.52,99.27,0.00,IDLE,0,-1"
1778765568.801029,24160,215.03,115.77,99.27,"24160,215.03,115.77,99.27,0.00,IDLE,0,-1"
1778765568.9010985,24260,215.28,116.01,99.27,"24260,215.28,116.01,99.27,0.00,IDLE,0,-1"
1778765569.0013654,24360,218.21,118.94,99.27,"24360,218.21,118.94,99.27,0.00,IDLE,0,-1"
1778765569.1004624,24460,219.68,120.41,99.27,"24460,219.68,120.41,99.27,0.00,IDLE,0,-1"
1778765569.2008035,24560,219.92,120.65,99.27,"24560,219.92,120.65,99.27,0.00,IDLE,0,-1"
1778765569.3014843,24660,220.17,120.90,99.27,"24660,220.17,120.90,99.27,0.00,IDLE,0,-1"
1778765569.4009507,24760,220.41,121.14,99.27,"24760,220.41,121.14,99.27,0.00,IDLE,0,-1"
1778765569.5010438,24860,220.65,121.39,99.27,"24860,220.65,121.39,99.27,0.00,IDLE,0,-1"
1778765569.6002228,24960,220.65,121.39,99.27,"24960,220.65,121.39,99.27,0.00,IDLE,0,-1"
1778765569.701067,25060,220.90,121.63,99.27,"25060,220.90,121.63,99.27,0.00,IDLE,0,-1"
1778765569.801443,25160,223.59,124.32,99.27,"25160,223.59,124.32,99.27,0.00,IDLE,0,-1"
1778765569.9003701,25260,228.48,129.21,99.27,"25260,228.48,129.21,99.27,0.00,IDLE,0,-1"
1778765570.000665,25360,229.70,130.43,99.27,"25360,229.70,130.43,99.27,0.00,IDLE,0,-1"
1778765570.1010315,25460,229.94,130.67,99.27,"25460,229.94,130.67,99.27,0.00,IDLE,0,-1"
1778765570.2014985,25560,230.19,130.92,99.27,"25560,230.19,130.92,99.27,0.00,IDLE,0,-1"
1778765570.3005598,25660,230.19,130.92,99.27,"25660,230.19,130.92,99.27,0.00,IDLE,0,-1"
1778765570.4014413,25760,229.94,130.67,99.27,"25760,229.94,130.67,99.27,0.00,IDLE,0,-1"
1778765570.5009909,25860,230.43,131.16,99.27,"25860,230.43,131.16,99.27,0.00,IDLE,0,-1"
1778765570.6011791,25960,229.94,130.67,99.27,"25960,229.94,130.67,99.27,0.00,IDLE,0,-1"
1778765570.7015266,26060,229.94,130.67,99.27,"26060,229.94,130.67,99.27,0.00,IDLE,0,-1"
1778765570.8006737,26160,230.19,130.92,99.27,"26160,230.19,130.92,99.27,0.00,IDLE,0,-1"
1778765570.9011192,26260,233.12,133.85,99.27,"26260,233.12,133.85,99.27,0.00,IDLE,0,-1"
1778765571.0015576,26360,236.05,136.78,99.27,"26360,236.05,136.78,99.27,0.00,IDLE,0,-1"
1778765571.1010458,26460,238.25,138.98,99.27,"26460,238.25,138.98,99.27,0.00,IDLE,0,-1"
1778765571.201465,26560,241.18,141.92,99.27,"26560,241.18,141.92,99.27,0.00,IDLE,0,-1"
1778765571.3017585,26660,243.63,144.36,99.27,"26660,243.63,144.36,99.27,0.00,IDLE,0,-1"
1778765571.4009163,26760,243.87,144.60,99.27,"26760,243.87,144.60,99.27,0.00,IDLE,0,-1"
1778765571.5005186,26860,243.38,144.12,99.27,"26860,243.38,144.12,99.27,0.00,IDLE,0,-1"
1778765571.6017408,26960,243.38,144.12,99.27,"26960,243.38,144.12,99.27,0.00,IDLE,0,-1"
1778765571.7009244,27060,243.38,144.12,99.27,"27060,243.38,144.12,99.27,0.00,IDLE,0,-1"
1778765571.8013513,27160,243.38,144.12,99.27,"27160,243.38,144.12,99.27,0.00,IDLE,0,-1"
1778765571.9013348,27260,243.14,143.87,99.27,"27260,243.14,143.87,99.27,0.00,IDLE,0,-1"
1778765572.0008848,27360,243.38,144.12,99.27,"27360,243.38,144.12,99.27,0.00,IDLE,0,-1"
1778765572.1011655,27460,243.63,144.36,99.27,"27460,243.63,144.36,99.27,0.00,IDLE,0,-1"
1778765572.2009366,27560,243.63,144.36,99.27,"27560,243.63,144.36,99.27,0.00,IDLE,0,-1"
1778765572.3011215,27660,243.38,144.12,99.27,"27660,243.38,144.12,99.27,0.00,IDLE,0,-1"
1778765572.4014595,27760,243.38,144.12,99.27,"27760,243.38,144.12,99.27,0.00,IDLE,0,-1"
1778765572.50158,27860,243.38,144.12,99.27,"27860,243.38,144.12,99.27,0.00,IDLE,0,-1"
1778765572.6011248,27960,243.38,144.12,99.27,"27960,243.38,144.12,99.27,0.00,IDLE,0,-1"
1778765572.7012086,28060,243.63,144.36,99.27,"28060,243.63,144.36,99.27,0.00,IDLE,0,-1"
1778765572.8010185,28160,243.87,144.60,99.27,"28160,243.87,144.60,99.27,0.00,IDLE,0,-1"
1778765572.9011922,28260,243.87,144.60,99.27,"28260,243.87,144.60,99.27,0.00,IDLE,0,-1"
1778765573.001257,28360,243.87,144.60,99.27,"28360,243.87,144.60,99.27,0.00,IDLE,0,-1"
1778765573.100284,28460,243.63,144.36,99.27,"28460,243.63,144.36,99.27,0.00,IDLE,0,-1"
1778765573.2019682,28560,243.63,144.36,99.27,"28560,243.63,144.36,99.27,0.00,IDLE,0,-1"
1778765573.3019087,28660,243.63,144.36,99.27,"28660,243.63,144.36,99.27,0.00,IDLE,0,-1"
1778765573.400527,28760,243.38,144.12,99.27,"28760,243.38,144.12,99.27,0.00,IDLE,0,-1"
1778765573.500783,28860,243.63,144.36,99.27,"28860,243.63,144.36,99.27,0.00,IDLE,0,-1"
1778765573.6009607,28960,243.63,144.36,99.27,"28960,243.63,144.36,99.27,0.00,IDLE,0,-1"
1778765573.7008262,29060,243.38,144.12,99.27,"29060,243.38,144.12,99.27,0.00,IDLE,0,-1"
1778765573.801606,29160,243.38,144.12,99.27,"29160,243.38,144.12,99.27,0.00,IDLE,0,-1"
1778765573.901459,29260,243.38,144.12,99.27,"29260,243.38,144.12,99.27,0.00,IDLE,0,-1"
1778765574.000622,29360,243.38,144.12,99.27,"29360,243.38,144.12,99.27,0.00,IDLE,0,-1"
1778765574.1009817,29460,243.38,144.12,99.27,"29460,243.38,144.12,99.27,0.00,IDLE,0,-1"
1778765574.2015226,29560,243.38,144.12,99.27,"29560,243.38,144.12,99.27,0.00,IDLE,0,-1"
1778765574.300419,29660,243.38,144.12,99.27,"29660,243.38,144.12,99.27,0.00,IDLE,0,-1"
1778765574.4011421,29760,243.14,143.87,99.27,"29760,243.14,143.87,99.27,0.00,IDLE,0,-1"
1778765574.5007536,29860,243.14,143.87,99.27,"29860,243.14,143.87,99.27,0.00,IDLE,0,-1"
1778765574.600935,29960,243.14,143.87,99.27,"29960,243.14,143.87,99.27,0.00,IDLE,0,-1"
1778765574.7010114,30060,243.14,143.87,99.27,"30060,243.14,143.87,99.27,0.00,IDLE,0,-1"
1778765574.8023064,30160,243.14,143.87,99.27,"30160,243.14,143.87,99.27,0.00,IDLE,0,-1"
1778765574.900293,30260,242.89,143.63,99.27,"30260,242.89,143.63,99.27,0.00,IDLE,0,-1"
1778765575.0016484,30360,243.14,143.87,99.27,"30360,243.14,143.87,99.27,0.00,IDLE,0,-1"
1778765575.1017473,30460,242.89,143.63,99.27,"30460,242.89,143.63,99.27,0.00,IDLE,0,-1"
1778765575.2007031,30560,242.89,143.63,99.27,"30560,242.89,143.63,99.27,0.00,IDLE,0,-1"
1778765575.3011475,30660,242.89,143.63,99.27,"30660,242.89,143.63,99.27,0.00,IDLE,0,-1"
1778765575.4008603,30760,242.65,143.38,99.27,"30760,242.65,143.38,99.27,0.00,IDLE,0,-1"
1778765575.5004761,30860,242.65,143.38,99.27,"30860,242.65,143.38,99.27,0.00,IDLE,0,-1"
1778765575.6011555,30960,242.40,143.14,99.27,"30960,242.40,143.14,99.27,0.00,IDLE,0,-1"
1778765575.7014306,31060,242.65,143.38,99.27,"31060,242.65,143.38,99.27,0.00,IDLE,0,-1"
1778765575.8006039,31160,242.40,143.14,99.27,"31160,242.40,143.14,99.27,0.00,IDLE,0,-1"
1778765575.901151,31260,242.16,142.89,99.27,"31260,242.16,142.89,99.27,0.00,IDLE,0,-1"
1778765576.0007954,31360,242.40,143.14,99.27,"31360,242.40,143.14,99.27,0.00,IDLE,0,-1"
1778765576.1006875,31460,242.40,143.14,99.27,"31460,242.40,143.14,99.27,0.00,IDLE,0,-1"
1778765576.2015426,31560,242.40,143.14,99.27,"31560,242.40,143.14,99.27,0.00,IDLE,0,-1"
1778765576.300438,31660,242.40,143.14,99.27,"31660,242.40,143.14,99.27,0.00,IDLE,0,-1"
1778765576.40104,31760,242.16,142.89,99.27,"31760,242.16,142.89,99.27,0.00,IDLE,0,-1"
1778765576.5016227,31860,242.16,142.89,99.27,"31860,242.16,142.89,99.27,0.00,IDLE,0,-1"
1778765576.6004653,31960,242.16,142.89,99.27,"31960,242.16,142.89,99.27,0.00,IDLE,0,-1"
1778765576.7010305,32060,242.40,143.14,99.27,"32060,242.40,143.14,99.27,0.00,IDLE,0,-1"
1778765576.8010466,32160,241.92,142.65,99.27,"32160,241.92,142.65,99.27,0.00,IDLE,0,-1"
1778765576.9004416,32260,242.16,142.89,99.27,"32260,242.16,142.89,99.27,0.00,IDLE,0,-1"
1778765577.0009897,32360,241.92,142.65,99.27,"32360,241.92,142.65,99.27,0.00,IDLE,0,-1"
1778765577.100993,32460,241.92,142.65,99.27,"32460,241.92,142.65,99.27,0.00,IDLE,0,-1"
1778765577.2005064,32560,241.92,142.65,99.27,"32560,241.92,142.65,99.27,0.00,IDLE,0,-1"
1778765577.3004606,32660,241.92,142.65,99.27,"32660,241.92,142.65,99.27,0.00,IDLE,0,-1"
1778765577.4013338,32760,241.92,142.65,99.27,"32760,241.92,142.65,99.27,0.00,IDLE,0,-1"
1778765577.5006235,32860,242.16,142.89,99.27,"32860,242.16,142.89,99.27,0.00,IDLE,0,-1"
1778765577.6021523,32960,241.67,142.40,99.27,"32960,241.67,142.40,99.27,0.00,IDLE,0,-1"
1778765577.701718,33060,241.67,142.40,99.27,"33060,241.67,142.40,99.27,0.00,IDLE,0,-1"
1778765577.800615,33160,241.67,142.40,99.27,"33160,241.67,142.40,99.27,0.00,IDLE,0,-1"
1778765577.9011195,33260,241.92,142.65,99.27,"33260,241.92,142.65,99.27,0.00,IDLE,0,-1"
1778765578.0014117,33360,241.67,142.40,99.27,"33360,241.67,142.40,99.27,0.00,IDLE,0,-1"
1778765578.1002474,33460,241.67,142.40,99.27,"33460,241.67,142.40,99.27,0.00,IDLE,0,-1"
1778765578.2011535,33560,241.67,142.40,99.27,"33560,241.67,142.40,99.27,0.00,IDLE,0,-1"
1778765578.3018122,33660,241.43,142.16,99.27,"33660,241.43,142.16,99.27,0.00,IDLE,0,-1"
1778765578.4009442,33760,241.43,142.16,99.27,"33760,241.43,142.16,99.27,0.00,IDLE,0,-1"
1778765578.5006976,33860,241.67,142.40,99.27,"33860,241.67,142.40,99.27,0.00,IDLE,0,-1"
1778765578.6014395,33960,241.43,142.16,99.27,"33960,241.43,142.16,99.27,0.00,IDLE,0,-1"
1778765578.7007625,34060,241.67,142.40,99.27,"34060,241.67,142.40,99.27,0.00,IDLE,0,-1"
1778765578.8015199,34160,241.43,142.16,99.27,"34160,241.43,142.16,99.27,0.00,IDLE,0,-1"
1778765578.9014204,34260,241.43,142.16,99.27,"34260,241.43,142.16,99.27,0.00,IDLE,0,-1"
1778765579.0007775,34360,241.43,142.16,99.27,"34360,241.43,142.16,99.27,0.00,IDLE,0,-1"
1778765579.1006615,34460,241.18,141.92,99.27,"34460,241.18,141.92,99.27,0.00,IDLE,0,-1"
1778765579.200119,34560,241.43,142.16,99.27,"34560,241.43,142.16,99.27,0.00,IDLE,0,-1"
1778765579.3008668,34660,241.43,142.16,99.27,"34660,241.43,142.16,99.27,0.00,IDLE,0,-1"
1778765579.4007485,34760,241.18,141.92,99.27,"34760,241.18,141.92,99.27,0.00,IDLE,0,-1"
1778765579.5002227,34860,241.43,142.16,99.27,"34860,241.43,142.16,99.27,0.00,IDLE,0,-1"
1778765579.6012013,34960,241.43,142.16,99.27,"34960,241.43,142.16,99.27,0.00,IDLE,0,-1"
1778765579.7009542,35060,241.67,142.40,99.27,"35060,241.67,142.40,99.27,0.00,IDLE,0,-1"
1778765579.80018,35160,241.67,142.40,99.27,"35160,241.67,142.40,99.27,0.00,IDLE,0,-1"
1778765579.9009888,35260,241.67,142.40,99.27,"35260,241.67,142.40,99.27,0.00,IDLE,0,-1"
1778765580.0012276,35360,241.43,142.16,99.27,"35360,241.43,142.16,99.27,0.00,IDLE,0,-1"
1778765580.1008105,35460,241.67,142.40,99.27,"35460,241.67,142.40,99.27,0.00,IDLE,0,-1"
1778765580.2010436,35560,241.67,142.40,99.27,"35560,241.67,142.40,99.27,0.00,IDLE,0,-1"
1778765580.301247,35660,241.43,142.16,99.27,"35660,241.43,142.16,99.27,0.00,IDLE,0,-1"
1778765580.4008453,35760,241.67,142.40,99.27,"35760,241.67,142.40,99.27,0.00,IDLE,0,-1"
1778765580.5009804,35860,241.67,142.40,99.27,"35860,241.67,142.40,99.27,0.00,IDLE,0,-1"
1778765580.6007257,35960,241.43,142.16,99.27,"35960,241.43,142.16,99.27,0.00,IDLE,0,-1"
1778765580.700774,36060,241.43,142.16,99.27,"36060,241.43,142.16,99.27,0.00,IDLE,0,-1"
1778765580.8015647,36160,241.43,142.16,99.27,"36160,241.43,142.16,99.27,0.00,IDLE,0,-1"
1778765580.9011803,36260,241.43,142.16,99.27,"36260,241.43,142.16,99.27,0.00,IDLE,0,-1"
1778765581.0006492,36360,241.18,141.92,99.27,"36360,241.18,141.92,99.27,0.00,IDLE,0,-1"
1778765581.1016588,36460,241.18,141.92,99.27,"36460,241.18,141.92,99.27,0.00,IDLE,0,-1"
1778765581.2013712,36560,241.43,142.16,99.27,"36560,241.43,142.16,99.27,0.00,IDLE,0,-1"
1778765581.3005261,36660,241.43,142.16,99.27,"36660,241.43,142.16,99.27,0.00,IDLE,0,-1"
1778765581.4009068,36760,241.43,142.16,99.27,"36760,241.43,142.16,99.27,0.00,IDLE,0,-1"
1778765581.501355,36860,241.67,142.40,99.27,"36860,241.67,142.40,99.27,0.00,IDLE,0,-1"
1778765581.600838,36960,241.18,141.92,99.27,"36960,241.18,141.92,99.27,0.00,IDLE,0,-1"
1778765581.7011402,37060,241.43,142.16,99.27,"37060,241.43,142.16,99.27,0.00,IDLE,0,-1"
1778765581.8017228,37160,241.43,142.16,99.27,"37160,241.43,142.16,99.27,0.00,IDLE,0,-1"
1778765581.9006817,37260,241.18,141.92,99.27,"37260,241.18,141.92,99.27,0.00,IDLE,0,-1"
1778765582.0010266,37360,236.78,137.52,99.27,"37360,236.78,137.52,99.27,0.00,IDLE,0,-1"
1778765582.101232,37460,231.90,132.63,99.27,"37460,231.90,132.63,99.27,0.00,IDLE,0,-1"
1778765582.2010887,37560,230.67,131.41,99.27,"37560,230.67,131.41,99.27,0.00,IDLE,0,-1"
1778765582.3014593,37660,230.19,130.92,99.27,"37660,230.19,130.92,99.27,0.00,IDLE,0,-1"
1778765582.400481,37760,229.70,130.43,99.27,"37760,229.70,130.43,99.27,0.00,IDLE,0,-1"
1778765582.500395,37860,229.21,129.94,99.27,"37860,229.21,129.94,99.27,0.00,IDLE,0,-1"
1778765582.601323,37960,228.96,129.70,99.27,"37960,228.96,129.70,99.27,0.00,IDLE,0,-1"
1778765582.7005348,38060,225.54,126.28,99.27,"38060,225.54,126.28,99.27,0.00,IDLE,0,-1"
1778765582.8011477,38160,217.48,118.21,99.27,"38160,217.48,118.21,99.27,0.00,IDLE,0,-1"
1778765582.901027,38260,213.08,113.81,99.27,"38260,213.08,113.81,99.27,0.00,IDLE,0,-1"
1778765583.0006526,38360,210.88,111.61,99.27,"38360,210.88,111.61,99.27,0.00,IDLE,0,-1"
1778765583.1010344,38460,208.68,109.41,99.27,"38460,208.68,109.41,99.27,0.00,IDLE,0,-1"
1778765583.2010758,38560,207.46,108.19,99.27,"38560,207.46,108.19,99.27,0.00,IDLE,0,-1"
1778765583.300601,38660,205.99,106.73,99.27,"38660,205.99,106.73,99.27,0.00,IDLE,0,-1"
1778765583.4004166,38760,198.91,99.64,99.27,"38760,198.91,99.64,99.27,0.00,IDLE,0,-1"
1778765583.5010853,38860,193.53,94.26,99.27,"38860,193.53,94.26,99.27,0.00,IDLE,0,-1"
1778765583.6001484,38960,189.62,90.35,99.27,"38960,189.62,90.35,99.27,0.00,IDLE,0,-1"
1778765583.7003593,39060,188.40,89.13,99.27,"39060,188.40,89.13,99.27,0.00,IDLE,0,-1"
1778765583.8013198,39160,187.42,88.15,99.27,"39160,187.42,88.15,99.27,0.00,IDLE,0,-1"
1778765583.9000196,39260,186.69,87.42,99.27,"39260,186.69,87.42,99.27,0.00,IDLE,0,-1"
1778765584.0010145,39360,180.33,81.07,99.27,"39360,180.33,81.07,99.27,0.00,IDLE,0,-1"
1778765584.1012132,39460,155.89,56.63,99.27,"39460,155.89,56.63,99.27,0.00,IDLE,0,-1"
1778765584.2006133,39560,152.96,53.70,99.27,"39560,152.96,53.70,99.27,0.00,IDLE,0,-1"
1778765584.3008616,39660,151.25,51.98,99.27,"39660,151.25,51.98,99.27,0.00,IDLE,0,-1"
1778765584.4030383,39760,150.52,51.25,99.27,"39760,150.52,51.25,99.27,0.00,IDLE,0,-1"
1778765584.5001228,39860,149.78,50.52,99.27,"39860,149.78,50.52,99.27,0.00,IDLE,0,-1"
1778765584.6005774,39960,149.54,50.27,99.27,"39960,149.54,50.27,99.27,0.00,IDLE,0,-1"
1778765584.7014716,40060,149.05,49.78,99.27,"40060,149.05,49.78,99.27,0.00,IDLE,0,-1"
1778765584.8007631,40160,148.81,49.54,99.27,"40160,148.81,49.54,99.27,0.00,IDLE,0,-1"
1778765584.901303,40260,148.81,49.54,99.27,"40260,148.81,49.54,99.27,0.00,IDLE,0,-1"
1778765585.000878,40360,148.56,49.30,99.27,"40360,148.56,49.30,99.27,0.00,IDLE,0,-1"
1778765585.1006851,40460,148.32,49.05,99.27,"40460,148.32,49.05,99.27,0.00,IDLE,0,-1"
1778765585.2011595,40560,148.32,49.05,99.27,"40560,148.32,49.05,99.27,0.00,IDLE,0,-1"
1778765585.3011591,40660,148.32,49.05,99.27,"40660,148.32,49.05,99.27,0.00,IDLE,0,-1"
1778765585.4008489,40760,148.07,48.81,99.27,"40760,148.07,48.81,99.27,0.00,IDLE,0,-1"
1778765585.5009682,40860,148.07,48.81,99.27,"40860,148.07,48.81,99.27,0.00,IDLE,0,-1"
1778765585.5999758,40960,147.83,48.56,99.27,"40960,147.83,48.56,99.27,0.00,IDLE,0,-1"
1778765585.7006688,41060,146.85,47.59,99.27,"41060,146.85,47.59,99.27,0.00,IDLE,0,-1"
1778765585.800477,41160,145.63,46.36,99.27,"41160,145.63,46.36,99.27,0.00,IDLE,0,-1"
1778765585.9002988,41260,140.74,41.48,99.27,"41260,140.74,41.48,99.27,0.00,IDLE,0,-1"
1778765586.000167,41360,133.41,34.14,99.27,"41360,133.41,34.14,99.27,0.00,IDLE,0,-1"
1778765586.1012323,41460,131.46,32.19,99.27,"41460,131.46,32.19,99.27,0.00,IDLE,0,-1"
1778765586.2003348,41560,130.97,31.70,99.27,"41560,130.97,31.70,99.27,0.00,IDLE,0,-1"
1778765586.3006766,41660,130.72,31.46,99.27,"41660,130.72,31.46,99.27,0.00,IDLE,0,-1"
1778765586.4007847,41760,130.48,31.21,99.27,"41760,130.48,31.21,99.27,0.00,IDLE,0,-1"
1778765586.4998112,41860,130.23,30.97,99.27,"41860,130.23,30.97,99.27,0.00,IDLE,0,-1"
1778765586.6008275,41960,129.99,30.72,99.27,"41960,129.99,30.72,99.27,0.00,IDLE,0,-1"
1778765586.7011852,42060,129.75,30.48,99.27,"42060,129.75,30.48,99.27,0.00,IDLE,0,-1"
1778765586.800556,42160,129.75,30.48,99.27,"42160,129.75,30.48,99.27,0.00,IDLE,0,-1"
1778765586.9011798,42260,129.50,30.23,99.27,"42260,129.50,30.23,99.27,0.00,IDLE,0,-1"
1778765587.0011573,42360,129.50,30.23,99.27,"42360,129.50,30.23,99.27,0.00,IDLE,0,-1"
1778765587.1007562,42460,129.26,29.99,99.27,"42460,129.26,29.99,99.27,0.00,IDLE,0,-1"
1778765587.2010455,42560,129.26,29.99,99.27,"42560,129.26,29.99,99.27,0.00,IDLE,0,-1"
1778765587.3006058,42660,129.26,29.99,99.27,"42660,129.26,29.99,99.27,0.00,IDLE,0,-1"
1778765587.3998022,42760,129.26,29.99,99.27,"42760,129.26,29.99,99.27,0.00,IDLE,0,-1"
1778765587.5009432,42860,129.50,30.23,99.27,"42860,129.50,30.23,99.27,0.00,IDLE,0,-1"
1778765587.6013615,42960,129.26,29.99,99.27,"42960,129.26,29.99,99.27,0.00,IDLE,0,-1"
1778765587.7007363,43060,129.26,29.99,99.27,"43060,129.26,29.99,99.27,0.00,IDLE,0,-1"
1778765587.8005664,43160,129.26,29.99,99.27,"43160,129.26,29.99,99.27,0.00,IDLE,0,-1"
1778765587.9013836,43260,129.26,29.99,99.27,"43260,129.26,29.99,99.27,0.00,IDLE,0,-1"
1778765588.0005305,43360,129.50,30.23,99.27,"43360,129.50,30.23,99.27,0.00,IDLE,0,-1"
1778765588.1010902,43460,129.50,30.23,99.27,"43460,129.50,30.23,99.27,0.00,IDLE,0,-1"
1778765588.20124,43560,129.50,30.23,99.27,"43560,129.50,30.23,99.27,0.00,IDLE,0,-1"
1778765588.3008816,43660,129.50,30.23,99.27,"43660,129.50,30.23,99.27,0.00,IDLE,0,-1"
1778765588.4012449,43760,128.52,29.26,99.27,"43760,128.52,29.26,99.27,0.00,IDLE,0,-1"
1778765588.5012324,43860,129.01,29.75,99.27,"43860,129.01,29.75,99.27,0.00,IDLE,0,-1"
1778765588.6006985,43960,129.01,29.75,99.27,"43960,129.01,29.75,99.27,0.00,IDLE,0,-1"
1778765588.7005262,44060,129.01,29.75,99.27,"44060,129.01,29.75,99.27,0.00,IDLE,0,-1"
1778765588.8005474,44160,129.50,30.23,99.27,"44160,129.50,30.23,99.27,0.00,IDLE,0,-1"
1778765588.9007313,44260,129.26,29.99,99.27,"44260,129.26,29.99,99.27,0.00,IDLE,0,-1"
1778765589.0007777,44360,129.50,30.23,99.27,"44360,129.50,30.23,99.27,0.00,IDLE,0,-1"
1778765589.0997634,44460,129.26,29.99,99.27,"44460,129.26,29.99,99.27,0.00,IDLE,0,-1"
1778765589.200809,44560,129.50,30.23,99.27,"44560,129.50,30.23,99.27,0.00,IDLE,0,-1"
1778765589.300927,44660,129.50,30.23,99.27,"44660,129.50,30.23,99.27,0.00,IDLE,0,-1"
1778765589.3999538,44760,129.50,30.23,99.27,"44760,129.50,30.23,99.27,0.00,IDLE,0,-1"
1778765589.5007095,44860,129.50,30.23,99.27,"44860,129.50,30.23,99.27,0.00,IDLE,0,-1"
1778765589.600662,44960,129.50,30.23,99.27,"44960,129.50,30.23,99.27,0.00,IDLE,0,-1"
1778765589.6997888,45060,129.50,30.23,99.27,"45060,129.50,30.23,99.27,0.00,IDLE,0,-1"
1778765589.8010745,45160,129.50,30.23,99.27,"45160,129.50,30.23,99.27,0.00,IDLE,0,-1"
1778765589.9005802,45260,129.50,30.23,99.27,"45260,129.50,30.23,99.27,0.00,IDLE,0,-1"
1778765590.0006523,45360,129.50,30.23,99.27,"45360,129.50,30.23,99.27,0.00,IDLE,0,-1"
1778765590.1001813,45460,129.50,30.23,99.27,"45460,129.50,30.23,99.27,0.00,IDLE,0,-1"
1778765590.2015362,45560,129.50,30.23,99.27,"45560,129.50,30.23,99.27,0.00,IDLE,0,-1"
1778765590.2997308,45660,129.50,30.23,99.27,"45660,129.50,30.23,99.27,0.00,IDLE,0,-1"
1778765590.400314,45760,129.50,30.23,99.27,"45760,129.50,30.23,99.27,0.00,IDLE,0,-1"
1778765590.5007281,45860,129.50,30.23,99.27,"45860,129.50,30.23,99.27,0.00,IDLE,0,-1"
1778765590.600229,45960,129.50,30.23,99.27,"45960,129.50,30.23,99.27,0.00,IDLE,0,-1"
1778765590.7004514,46060,129.26,29.99,99.27,"46060,129.26,29.99,99.27,0.00,IDLE,0,-1"
1778765590.8011568,46160,129.50,30.23,99.27,"46160,129.50,30.23,99.27,0.00,IDLE,0,-1"
1778765590.9005702,46260,129.50,30.23,99.27,"46260,129.50,30.23,99.27,0.00,IDLE,0,-1"
1778765591.0009844,46360,129.50,30.23,99.27,"46360,129.50,30.23,99.27,0.00,IDLE,0,-1"
1778765591.1008136,46460,129.50,30.23,99.27,"46460,129.50,30.23,99.27,0.00,IDLE,0,-1"
1778765591.2003596,46560,129.50,30.23,99.27,"46560,129.50,30.23,99.27,0.00,IDLE,0,-1"
1778765591.300917,46660,129.26,29.99,99.27,"46660,129.26,29.99,99.27,0.00,IDLE,0,-1"
1778765591.4015853,46760,129.50,30.23,99.27,"46760,129.50,30.23,99.27,0.00,IDLE,0,-1"
1778765591.5007493,46860,129.50,30.23,99.27,"46860,129.50,30.23,99.27,0.00,IDLE,0,-1"
1778765591.6009686,46960,129.50,30.23,99.27,"46960,129.50,30.23,99.27,0.00,IDLE,0,-1"
1778765591.7011406,47060,129.26,29.99,99.27,"47060,129.26,29.99,99.27,0.00,IDLE,0,-1"
1778765591.8008316,47160,129.50,30.23,99.27,"47160,129.50,30.23,99.27,0.00,IDLE,0,-1"
1778765591.9009838,47260,129.50,30.23,99.27,"47260,129.50,30.23,99.27,0.00,IDLE,0,-1"
1778765592.0002623,47360,129.50,30.23,99.27,"47360,129.50,30.23,99.27,0.00,IDLE,0,-1"
1778765592.1000714,47460,129.26,29.99,99.27,"47460,129.26,29.99,99.27,0.00,IDLE,0,-1"
1778765592.2008586,47560,129.50,30.23,99.27,"47560,129.50,30.23,99.27,0.00,IDLE,0,-1"
1778765592.2998857,47660,129.26,29.99,99.27,"47660,129.26,29.99,99.27,0.00,IDLE,0,-1"
1778765592.4006734,47760,129.26,29.99,99.27,"47760,129.26,29.99,99.27,0.00,IDLE,0,-1"
1778765592.5009558,47860,129.26,29.99,99.27,"47860,129.26,29.99,99.27,0.00,IDLE,0,-1"
1778765592.6005876,47960,129.26,29.99,99.27,"47960,129.26,29.99,99.27,0.00,IDLE,0,-1"
1778765592.699982,48060,129.26,29.99,99.27,"48060,129.26,29.99,99.27,0.00,IDLE,0,-1"
1778765592.8011112,48160,128.77,29.50,99.27,"48160,128.77,29.50,99.27,0.00,IDLE,0,-1"
1778765592.8998566,48260,127.79,28.52,99.27,"48260,127.79,28.52,99.27,0.00,IDLE,0,-1"
1778765593.0008278,48360,126.81,27.55,99.27,"48360,126.81,27.55,99.27,0.00,IDLE,0,-1"
1778765593.1010146,48460,125.59,26.32,99.27,"48460,125.59,26.32,99.27,0.00,IDLE,0,-1"
1778765593.2002666,48560,125.10,25.84,99.27,"48560,125.10,25.84,99.27,0.00,IDLE,0,-1"
1778765593.3008058,48660,124.13,24.86,99.27,"48660,124.13,24.86,99.27,0.00,IDLE,0,-1"
1778765593.4007692,48760,123.88,24.61,99.27,"48760,123.88,24.61,99.27,0.00,IDLE,0,-1"
1778765593.500341,48860,123.64,24.37,99.27,"48860,123.64,24.37,99.27,0.00,IDLE,0,-1"
1778765593.6002083,48960,123.39,24.13,99.27,"48960,123.39,24.13,99.27,0.00,IDLE,0,-1"
1778765593.7012193,49060,123.15,23.88,99.27,"49060,123.15,23.88,99.27,0.00,IDLE,0,-1"
1778765593.800572,49160,122.90,23.64,99.27,"49160,122.90,23.64,99.27,0.00,IDLE,0,-1"
1778765593.901123,49260,122.90,23.64,99.27,"49260,122.90,23.64,99.27,0.00,IDLE,0,-1"
1778765594.000253,49360,122.66,23.39,99.27,"49360,122.66,23.39,99.27,0.00,IDLE,0,-1"
1778765594.1005278,49460,122.41,23.15,99.27,"49460,122.41,23.15,99.27,0.00,IDLE,0,-1"
1778765594.20074,49560,122.41,23.15,99.27,"49560,122.41,23.15,99.27,0.00,IDLE,0,-1"
1778765594.3008022,49660,122.41,23.15,99.27,"49660,122.41,23.15,99.27,0.00,IDLE,0,-1"
1778765594.400094,49760,122.17,22.90,99.27,"49760,122.17,22.90,99.27,0.00,IDLE,0,-1"
1778765594.5004902,49860,122.17,22.90,99.27,"49860,122.17,22.90,99.27,0.00,IDLE,0,-1"
1778765594.6012528,49960,122.17,22.90,99.27,"49960,122.17,22.90,99.27,0.00,IDLE,0,-1"
1778765594.7007415,50060,121.93,22.66,99.27,"50060,121.93,22.66,99.27,0.00,IDLE,0,-1"
1778765594.80093,50160,121.93,22.66,99.27,"50160,121.93,22.66,99.27,0.00,IDLE,0,-1"
1778765594.9012613,50260,121.68,22.41,99.27,"50260,121.68,22.41,99.27,0.00,IDLE,0,-1"
1778765595.0001457,50360,121.68,22.41,99.27,"50360,121.68,22.41,99.27,0.00,IDLE,0,-1"
1778765595.101158,50460,121.68,22.41,99.27,"50460,121.68,22.41,99.27,0.00,IDLE,0,-1"
1778765595.2003903,50560,121.44,22.17,99.27,"50560,121.44,22.17,99.27,0.00,IDLE,0,-1"
1778765595.300765,50660,121.44,22.17,99.27,"50660,121.44,22.17,99.27,0.00,IDLE,0,-1"
1778765595.4005,50760,121.68,22.41,99.27,"50760,121.68,22.41,99.27,0.00,IDLE,0,-1"
1778765595.4999144,50860,121.44,22.17,99.27,"50860,121.44,22.17,99.27,0.00,IDLE,0,-1"
1778765595.600766,50960,121.44,22.17,99.27,"50960,121.44,22.17,99.27,0.00,IDLE,0,-1"
1778765595.7011292,51060,121.19,21.93,99.27,"51060,121.19,21.93,99.27,0.00,IDLE,0,-1"
1778765595.8006394,51160,121.44,22.17,99.27,"51160,121.44,22.17,99.27,0.00,IDLE,0,-1"
1778765595.9005854,51260,121.19,21.93,99.27,"51260,121.19,21.93,99.27,0.00,IDLE,0,-1"
1778765596.0009525,51360,121.19,21.93,99.27,"51360,121.19,21.93,99.27,0.00,IDLE,0,-1"
1778765596.1001647,51460,121.19,21.93,99.27,"51460,121.19,21.93,99.27,0.00,IDLE,0,-1"
1778765596.2000184,51560,121.19,21.93,99.27,"51560,121.19,21.93,99.27,0.00,IDLE,0,-1"
1778765596.300706,51660,120.95,21.68,99.27,"51660,120.95,21.68,99.27,0.00,IDLE,0,-1"
1778765596.400199,51760,120.95,21.68,99.27,"51760,120.95,21.68,99.27,0.00,IDLE,0,-1"
1778765596.500365,51860,120.95,21.68,99.27,"51860,120.95,21.68,99.27,0.00,IDLE,0,-1"
1778765596.601407,51960,120.95,21.68,99.27,"51960,120.95,21.68,99.27,0.00,IDLE,0,-1"
1778765596.7002397,52060,120.95,21.68,99.27,"52060,120.95,21.68,99.27,0.00,IDLE,0,-1"
1778765596.8007808,52160,120.95,21.68,99.27,"52160,120.95,21.68,99.27,0.00,IDLE,0,-1"
1778765596.9009986,52260,120.95,21.68,99.27,"52260,120.95,21.68,99.27,0.00,IDLE,0,-1"
1778765597.000451,52360,120.70,21.44,99.27,"52360,120.70,21.44,99.27,0.00,IDLE,0,-1"
1778765597.1005263,52460,120.95,21.68,99.27,"52460,120.95,21.68,99.27,0.00,IDLE,0,-1"
1778765597.2014394,52560,120.70,21.44,99.27,"52560,120.70,21.44,99.27,0.00,IDLE,0,-1"
1778765597.3007145,52660,120.95,21.68,99.27,"52660,120.95,21.68,99.27,0.00,IDLE,0,-1"
1778765597.400963,52760,120.70,21.44,99.27,"52760,120.70,21.44,99.27,0.00,IDLE,0,-1"
1778765597.5008745,52860,120.70,21.44,99.27,"52860,120.70,21.44,99.27,0.00,IDLE,0,-1"
1778765597.6002793,52960,120.70,21.44,99.27,"52960,120.70,21.44,99.27,0.00,IDLE,0,-1"
1778765597.700156,53060,119.97,20.70,99.27,"53060,119.97,20.70,99.27,0.00,IDLE,0,-1"
1778765597.8015862,53160,118.99,19.73,99.27,"53160,118.99,19.73,99.27,0.00,IDLE,0,-1"
1778765597.900156,53260,118.50,19.24,99.27,"53260,118.50,19.24,99.27,0.00,IDLE,0,-1"
1778765598.0007458,53360,117.77,18.50,99.27,"53360,117.77,18.50,99.27,0.00,IDLE,0,-1"
1778765598.1011925,53460,117.28,18.02,99.27,"53460,117.28,18.02,99.27,0.00,IDLE,0,-1"
1778765598.200202,53560,116.06,16.79,99.27,"53560,116.06,16.79,99.27,0.00,IDLE,0,-1"
1778765598.3010886,53660,115.57,16.30,99.27,"53660,115.57,16.30,99.27,0.00,IDLE,0,-1"
1778765598.400255,53760,115.08,15.82,99.27,"53760,115.08,15.82,99.27,0.00,IDLE,0,-1"
1778765598.5004926,53860,114.84,15.57,99.27,"53860,114.84,15.57,99.27,0.00,IDLE,0,-1"
1778765598.6003695,53960,114.84,15.57,99.27,"53960,114.84,15.57,99.27,0.00,IDLE,0,-1"
1778765598.7003753,54060,114.35,15.08,99.27,"54060,114.35,15.08,99.27,0.00,IDLE,0,-1"
1778765598.8007772,54160,114.35,15.08,99.27,"54160,114.35,15.08,99.27,0.00,IDLE,0,-1"
1778765598.9010754,54260,114.11,14.84,99.27,"54260,114.11,14.84,99.27,0.00,IDLE,0,-1"
1778765598.9997814,54360,113.62,14.35,99.27,"54360,113.62,14.35,99.27,0.00,IDLE,0,-1"
1778765599.1004648,54460,113.13,13.86,99.27,"54460,113.13,13.86,99.27,0.00,IDLE,0,-1"
1778765599.2010756,54560,112.64,13.37,99.27,"54560,112.64,13.37,99.27,0.00,IDLE,0,-1"
1778765599.2999299,54660,112.39,13.13,99.27,"54660,112.39,13.13,99.27,0.00,IDLE,0,-1"
1778765599.4000096,54760,112.39,13.13,99.27,"54760,112.39,13.13,99.27,0.00,IDLE,0,-1"
1778765599.5010393,54860,111.66,12.39,99.27,"54860,111.66,12.39,99.27,0.00,IDLE,0,-1"
1778765599.6006587,54960,111.17,11.91,99.27,"54960,111.17,11.91,99.27,0.00,IDLE,0,-1"
1778765599.7007923,55060,110.68,11.42,99.27,"55060,110.68,11.42,99.27,0.00,IDLE,0,-1"
1778765599.8012028,55160,110.44,11.17,99.27,"55160,110.44,11.17,99.27,0.00,IDLE,0,-1"
1778765599.901103,55260,110.44,11.17,99.27,"55260,110.44,11.17,99.27,0.00,IDLE,0,-1"
1778765600.0008087,55360,110.20,10.93,99.27,"55360,110.20,10.93,99.27,0.00,IDLE,0,-1"
1778765600.1012704,55460,109.95,10.68,99.27,"55460,109.95,10.68,99.27,0.00,IDLE,0,-1"
1778765600.2003555,55560,109.71,10.44,99.27,"55560,109.71,10.44,99.27,0.00,IDLE,0,-1"
1778765600.3002088,55660,109.71,10.44,99.27,"55660,109.71,10.44,99.27,0.00,IDLE,0,-1"
1778765600.4013147,55760,109.46,10.20,99.27,"55760,109.46,10.20,99.27,0.00,IDLE,0,-1"
1778765600.500552,55860,109.46,10.20,99.27,"55860,109.46,10.20,99.27,0.00,IDLE,0,-1"
1778765600.6006262,55960,109.22,9.95,99.27,"55960,109.22,9.95,99.27,0.00,IDLE,0,-1"
1778765600.7004583,56060,108.24,8.97,99.27,"56060,108.24,8.97,99.27,0.00,IDLE,0,-1"
1778765600.7996309,56160,108.48,9.22,99.27,"56160,108.48,9.22,99.27,0.00,IDLE,0,-1"
1778765600.9008367,56260,108.00,8.73,99.27,"56260,108.00,8.73,99.27,0.00,IDLE,0,-1"
1778765601.0008326,56360,107.26,8.00,99.27,"56360,107.26,8.00,99.27,0.00,IDLE,0,-1"
1778765601.100258,56460,106.53,7.26,99.27,"56460,106.53,7.26,99.27,0.00,IDLE,0,-1"
1778765601.2009687,56560,106.04,6.77,99.27,"56560,106.04,6.77,99.27,0.00,IDLE,0,-1"
1778765601.3012865,56660,105.31,6.04,99.27,"56660,105.31,6.04,99.27,0.00,IDLE,0,-1"
1778765601.4003973,56760,104.57,5.31,99.27,"56760,104.57,5.31,99.27,0.00,IDLE,0,-1"
1778765601.5001328,56860,104.09,4.82,99.27,"56860,104.09,4.82,99.27,0.00,IDLE,0,-1"
1778765601.6002529,56960,104.09,4.82,99.27,"56960,104.09,4.82,99.27,0.00,IDLE,0,-1"
1778765601.6998308,57060,103.84,4.57,99.27,"57060,103.84,4.57,99.27,0.00,IDLE,0,-1"
1778765601.8002274,57160,103.60,4.33,99.27,"57160,103.60,4.33,99.27,0.00,IDLE,0,-1"
1778765601.8999765,57260,102.38,3.11,99.27,"57260,102.38,3.11,99.27,0.00,IDLE,0,-1"
1778765602.0004644,57360,101.89,2.62,99.27,"57360,101.89,2.62,99.27,0.00,IDLE,0,-1"
1778765602.1009939,57460,101.64,2.38,99.27,"57460,101.64,2.38,99.27,0.00,IDLE,0,-1"
1778765602.1996841,57560,101.15,1.89,99.27,"57560,101.15,1.89,99.27,0.00,IDLE,0,-1"
1778765602.3007321,57660,100.91,1.64,99.27,"57660,100.91,1.64,99.27,0.00,IDLE,0,-1"
1778765602.401334,57760,100.91,1.64,99.27,"57760,100.91,1.64,99.27,0.00,IDLE,0,-1"
1778765602.5000312,57860,100.66,1.40,99.27,"57860,100.66,1.40,99.27,0.00,IDLE,0,-1"
1778765602.6000352,57960,100.42,1.15,99.27,"57960,100.42,1.15,99.27,0.00,IDLE,0,-1"
1778765602.700869,58060,100.42,1.15,99.27,"58060,100.42,1.15,99.27,0.00,IDLE,0,-1"
1778765602.8003592,58160,100.42,1.15,99.27,"58160,100.42,1.15,99.27,0.00,IDLE,0,-1"
1778765602.900611,58260,100.18,0.91,99.27,"58260,100.18,0.91,99.27,0.00,IDLE,0,-1"
1778765603.0009186,58360,99.93,0.66,99.27,"58360,99.93,0.66,99.27,0.00,IDLE,0,-1"
1778765603.0998104,58460,99.93,0.66,99.27,"58460,99.93,0.66,99.27,0.00,IDLE,0,-1"
1778765603.1998527,58560,99.93,0.66,99.27,"58560,99.93,0.66,99.27,0.00,IDLE,0,-1"
1778765603.3010402,58660,99.93,0.66,99.27,"58660,99.93,0.66,99.27,0.00,IDLE,0,-1"
1778765603.3996239,58760,99.69,0.42,99.27,"58760,99.69,0.42,99.27,0.00,IDLE,0,-1"
1778765603.4999378,58860,99.69,0.42,99.27,"58860,99.69,0.42,99.27,0.00,IDLE,0,-1"
1778765603.6006343,58960,99.69,0.42,99.27,"58960,99.69,0.42,99.27,0.00,IDLE,0,-1"
1778765603.7013433,59060,99.69,0.42,99.27,"59060,99.69,0.42,99.27,0.00,IDLE,0,-1"
1778765603.801124,59160,99.44,0.18,99.27,"59160,99.44,0.18,99.27,0.00,IDLE,0,-1"
1778765603.9009697,59260,99.44,0.18,99.27,"59260,99.44,0.18,99.27,0.00,IDLE,0,-1"
1778765604.0008616,59360,99.20,-0.07,99.27,"59360,99.20,-0.07,99.27,0.00,IDLE,0,-1"
1778765604.100679,59460,99.20,-0.07,99.27,"59460,99.20,-0.07,99.27,0.00,IDLE,0,-1"
1778765604.20092,59560,99.20,-0.07,99.27,"59560,99.20,-0.07,99.27,0.00,IDLE,0,-1"
1778765604.3003976,59660,99.20,-0.07,99.27,"59660,99.20,-0.07,99.27,0.00,IDLE,0,-1"
1778765604.3999562,59760,99.20,-0.07,99.27,"59760,99.20,-0.07,99.27,0.00,IDLE,0,-1"
1778765604.5010524,59860,98.95,-0.31,99.27,"59860,98.95,-0.31,99.27,0.00,IDLE,0,-1"
1778765604.6005144,59960,98.95,-0.31,99.27,"59960,98.95,-0.31,99.27,0.00,IDLE,0,-1"
1778765604.7009146,60060,98.95,-0.31,99.27,"60060,98.95,-0.31,99.27,0.00,IDLE,0,-1"
1778765604.7998164,60160,98.95,-0.31,99.27,"60160,98.95,-0.31,99.27,0.00,IDLE,0,-1"
1778765604.8997521,60260,98.95,-0.31,99.27,"60260,98.95,-0.31,99.27,0.00,IDLE,0,-1"
1778765605.0009387,60360,98.95,-0.31,99.27,"60360,98.95,-0.31,99.27,0.00,IDLE,0,-1"
1778765605.100112,60460,98.95,-0.31,99.27,"60460,98.95,-0.31,99.27,0.00,IDLE,0,-1"
1778765605.199845,60560,98.71,-0.56,99.27,"60560,98.71,-0.56,99.27,0.00,IDLE,0,-1"
1778765605.300214,60660,98.71,-0.56,99.27,"60660,98.71,-0.56,99.27,0.00,IDLE,0,-1"
1778765605.399771,60760,98.71,-0.56,99.27,"60760,98.71,-0.56,99.27,0.00,IDLE,0,-1"
1778765605.5005546,60860,98.71,-0.56,99.27,"60860,98.71,-0.56,99.27,0.00,IDLE,0,-1"
1778765605.6006243,60960,98.47,-0.80,99.27,"60960,98.47,-0.80,99.27,0.00,IDLE,0,-1"
1778765605.700289,61060,98.47,-0.80,99.27,"61060,98.47,-0.80,99.27,0.00,IDLE,0,-1"
1778765605.8011434,61160,98.47,-0.80,99.27,"61160,98.47,-0.80,99.27,0.00,IDLE,0,-1"
1778765605.9010785,61260,98.47,-0.80,99.27,"61260,98.47,-0.80,99.27,0.00,IDLE,0,-1"
1778765606.000056,61360,98.71,-0.56,99.27,"61360,98.71,-0.56,99.27,0.00,IDLE,0,-1"
1778765606.1005383,61460,98.47,-0.80,99.27,"61460,98.47,-0.80,99.27,0.00,IDLE,0,-1"
1778765606.200233,61560,98.47,-0.80,99.27,"61560,98.47,-0.80,99.27,0.00,IDLE,0,-1"
1778765606.29996,61660,98.47,-0.80,99.27,"61660,98.47,-0.80,99.27,0.00,IDLE,0,-1"
1778765606.4002187,61760,98.47,-0.80,99.27,"61760,98.47,-0.80,99.27,0.00,IDLE,0,-1"
1778765606.5007157,61860,98.47,-0.80,99.27,"61860,98.47,-0.80,99.27,0.00,IDLE,0,-1"
1778765606.6005185,61960,98.47,-0.80,99.27,"61960,98.47,-0.80,99.27,0.00,IDLE,0,-1"
1778765606.700806,62060,98.47,-0.80,99.27,"62060,98.47,-0.80,99.27,0.00,IDLE,0,-1"
1778765606.801095,62160,98.22,-1.05,99.27,"62160,98.22,-1.05,99.27,0.00,IDLE,0,-1"
1778765606.9015381,62260,98.47,-0.80,99.27,"62260,98.47,-0.80,99.27,0.00,IDLE,0,-1"
1778765607.0003223,62360,98.47,-0.80,99.27,"62360,98.47,-0.80,99.27,0.00,IDLE,0,-1"
1778765607.1008134,62460,98.47,-0.80,99.27,"62460,98.47,-0.80,99.27,0.00,IDLE,0,-1"
1778765607.2002058,62560,98.22,-1.05,99.27,"62560,98.22,-1.05,99.27,0.00,IDLE,0,-1"
1778765607.2998703,62660,98.22,-1.05,99.27,"62660,98.22,-1.05,99.27,0.00,IDLE,0,-1"
1778765607.4009607,62760,98.22,-1.05,99.27,"62760,98.22,-1.05,99.27,0.00,IDLE,0,-1"
1778765607.5007923,62860,98.22,-1.05,99.27,"62860,98.22,-1.05,99.27,0.00,IDLE,0,-1"
1778765607.6006467,62960,98.22,-1.05,99.27,"62960,98.22,-1.05,99.27,0.00,IDLE,0,-1"
1778765607.7010844,63060,98.22,-1.05,99.27,"63060,98.22,-1.05,99.27,0.00,IDLE,0,-1"
1778765607.8002925,63160,98.22,-1.05,99.27,"63160,98.22,-1.05,99.27,0.00,IDLE,0,-1"
1778765607.90031,63260,98.22,-1.05,99.27,"63260,98.22,-1.05,99.27,0.00,IDLE,0,-1"
1778765607.9999647,63360,97.98,-1.29,99.27,"63360,97.98,-1.29,99.27,0.00,IDLE,0,-1"
1778765608.1005821,63460,97.98,-1.29,99.27,"63460,97.98,-1.29,99.27,0.00,IDLE,0,-1"
1778765608.2002752,63560,98.22,-1.05,99.27,"63560,98.22,-1.05,99.27,0.00,IDLE,0,-1"
1778765608.3003955,63660,97.98,-1.29,99.27,"63660,97.98,-1.29,99.27,0.00,IDLE,0,-1"
1778765608.4001758,63760,97.98,-1.29,99.27,"63760,97.98,-1.29,99.27,0.00,IDLE,0,-1"
1778765608.5005057,63860,97.98,-1.29,99.27,"63860,97.98,-1.29,99.27,0.00,IDLE,0,-1"
1778765608.599894,63960,97.98,-1.29,99.27,"63960,97.98,-1.29,99.27,0.00,IDLE,0,-1"
1778765608.7002735,64060,97.98,-1.29,99.27,"64060,97.98,-1.29,99.27,0.00,IDLE,0,-1"
1778765608.8012137,64160,97.98,-1.29,99.27,"64160,97.98,-1.29,99.27,0.00,IDLE,0,-1"
1778765608.9001648,64260,97.98,-1.29,99.27,"64260,97.98,-1.29,99.27,0.00,IDLE,0,-1"
1778765609.0005999,64360,97.24,-2.02,99.27,"64360,97.24,-2.02,99.27,0.00,IDLE,0,-1"
1778765609.1004002,64460,97.00,-2.27,99.27,"64460,97.00,-2.27,99.27,0.00,IDLE,0,-1"
1778765609.1996562,64560,96.75,-2.51,99.27,"64560,96.75,-2.51,99.27,0.00,IDLE,0,-1"
1778765609.2998538,64660,96.02,-3.25,99.27,"64660,96.02,-3.25,99.27,0.00,IDLE,0,-1"
1778765609.4006763,64760,95.53,-3.73,99.27,"64760,95.53,-3.73,99.27,0.00,IDLE,0,-1"
1778765609.5000448,64860,94.07,-5.20,99.27,"64860,94.07,-5.20,99.27,0.00,IDLE,0,-1"
1778765609.600531,64960,91.87,-7.40,99.27,"64960,91.87,-7.40,99.27,0.00,IDLE,0,-1"
1778765609.70033,65060,88.20,-11.07,99.27,"65060,88.20,-11.07,99.27,0.00,IDLE,0,-1"
1778765609.8001883,65160,84.05,-15.22,99.27,"65160,84.05,-15.22,99.27,0.00,IDLE,0,-1"
1778765609.900534,65260,78.18,-21.09,99.27,"65260,78.18,-21.09,99.27,0.00,IDLE,0,-1"
1778765610.000623,65360,75.25,-24.02,99.27,"65360,75.25,-24.02,99.27,0.00,IDLE,0,-1"
1778765610.1001477,65460,74.03,-25.24,99.27,"65460,74.03,-25.24,99.27,0.00,IDLE,0,-1"
1778765610.2004852,65560,73.54,-25.73,99.27,"65560,73.54,-25.73,99.27,0.00,IDLE,0,-1"
1778765610.3011065,65660,73.05,-26.22,99.27,"65660,73.05,-26.22,99.27,0.00,IDLE,0,-1"
1778765610.4005487,65760,72.81,-26.46,99.27,"65760,72.81,-26.46,99.27,0.00,IDLE,0,-1"
1778765610.5003722,65860,72.56,-26.71,99.27,"65860,72.56,-26.71,99.27,0.00,IDLE,0,-1"
1778765610.600418,65960,72.56,-26.71,99.27,"65960,72.56,-26.71,99.27,0.00,IDLE,0,-1"
1778765610.700166,66060,72.32,-26.95,99.27,"66060,72.32,-26.95,99.27,0.00,IDLE,0,-1"
1778765610.8008745,66160,72.32,-26.95,99.27,"66160,72.32,-26.95,99.27,0.00,IDLE,0,-1"
1778765610.9010913,66260,72.07,-27.19,99.27,"66260,72.07,-27.19,99.27,0.00,IDLE,0,-1"
1778765611.0000343,66360,72.07,-27.19,99.27,"66360,72.07,-27.19,99.27,0.00,IDLE,0,-1"
1778765611.1005166,66460,71.09,-28.17,99.27,"66460,71.09,-28.17,99.27,0.00,IDLE,0,-1"
1778765611.1999788,66560,69.87,-29.39,99.27,"66560,69.87,-29.39,99.27,0.00,IDLE,0,-1"
1778765611.300341,66660,67.92,-31.35,99.27,"66660,67.92,-31.35,99.27,0.00,IDLE,0,-1"
1778765611.4009426,66760,65.72,-33.55,99.27,"66760,65.72,-33.55,99.27,0.00,IDLE,0,-1"
1778765611.5000942,66860,63.27,-35.99,99.27,"66860,63.27,-35.99,99.27,0.00,IDLE,0,-1"
1778765611.600448,66960,61.08,-38.19,99.27,"66960,61.08,-38.19,99.27,0.00,IDLE,0,-1"
1778765611.7005713,67060,60.10,-39.17,99.27,"67060,60.10,-39.17,99.27,0.00,IDLE,0,-1"
1778765611.799923,67160,59.61,-39.66,99.27,"67160,59.61,-39.66,99.27,0.00,IDLE,0,-1"
1778765611.9004295,67260,59.12,-40.15,99.27,"67260,59.12,-40.15,99.27,0.00,IDLE,0,-1"
1778765612.000816,67360,58.88,-40.39,99.27,"67360,58.88,-40.39,99.27,0.00,IDLE,0,-1"
1778765612.1004012,67460,58.88,-40.39,99.27,"67460,58.88,-40.39,99.27,0.00,IDLE,0,-1"
1778765612.2008476,67560,58.88,-40.39,99.27,"67560,58.88,-40.39,99.27,0.00,IDLE,0,-1"
1778765612.3009105,67660,58.63,-40.64,99.27,"67660,58.63,-40.64,99.27,0.00,IDLE,0,-1"
1778765612.3998632,67760,58.63,-40.64,99.27,"67760,58.63,-40.64,99.27,0.00,IDLE,0,-1"
1778765612.4996655,67860,58.63,-40.64,99.27,"67860,58.63,-40.64,99.27,0.00,IDLE,0,-1"
1778765612.6010518,67960,58.39,-40.88,99.27,"67960,58.39,-40.88,99.27,0.00,IDLE,0,-1"
1778765612.7002618,68060,58.39,-40.88,99.27,"68060,58.39,-40.88,99.27,0.00,IDLE,0,-1"
1778765612.8008528,68160,57.90,-41.37,99.27,"68160,57.90,-41.37,99.27,0.00,IDLE,0,-1"
1778765612.901092,68260,57.41,-41.86,99.27,"68260,57.41,-41.86,99.27,0.00,IDLE,0,-1"
1778765613.000501,68360,56.19,-43.08,99.27,"68360,56.19,-43.08,99.27,0.00,IDLE,0,-1"
1778765613.1006708,68460,55.21,-44.06,99.27,"68460,55.21,-44.06,99.27,0.00,IDLE,0,-1"
1778765613.200317,68560,54.23,-45.03,99.27,"68560,54.23,-45.03,99.27,0.00,IDLE,0,-1"
1778765613.299956,68660,52.77,-46.50,99.27,"68660,52.77,-46.50,99.27,0.00,IDLE,0,-1"
1778765613.400245,68760,51.30,-47.97,99.27,"68760,51.30,-47.97,99.27,0.00,IDLE,0,-1"
1778765613.5009503,68860,50.08,-49.19,99.27,"68860,50.08,-49.19,99.27,0.00,IDLE,0,-1"
1778765613.6005309,68960,48.86,-50.41,99.27,"68960,48.86,-50.41,99.27,0.00,IDLE,0,-1"
1778765613.7009249,69060,48.61,-50.65,99.27,"69060,48.61,-50.65,99.27,0.00,IDLE,0,-1"
1778765613.8013275,69160,48.37,-50.90,99.27,"69160,48.37,-50.90,99.27,0.00,IDLE,0,-1"
1778765613.9009085,69260,48.12,-51.14,99.27,"69260,48.12,-51.14,99.27,0.00,IDLE,0,-1"
1778765614.0009904,69360,48.12,-51.14,99.27,"69360,48.12,-51.14,99.27,0.00,IDLE,0,-1"
1778765614.1008224,69460,47.88,-51.39,99.27,"69460,47.88,-51.39,99.27,0.00,IDLE,0,-1"
1778765614.200149,69560,47.88,-51.39,99.27,"69560,47.88,-51.39,99.27,0.00,IDLE,0,-1"
1778765614.3008876,69660,47.88,-51.39,99.27,"69660,47.88,-51.39,99.27,0.00,IDLE,0,-1"
1778765614.400218,69760,47.88,-51.39,99.27,"69760,47.88,-51.39,99.27,0.00,IDLE,0,-1"
1778765614.4999268,69860,47.88,-51.39,99.27,"69860,47.88,-51.39,99.27,0.00,IDLE,0,-1"
1778765614.600505,69960,47.39,-51.88,99.27,"69960,47.39,-51.88,99.27,0.00,IDLE,0,-1"
1778765614.7002103,70060,46.17,-53.10,99.27,"70060,46.17,-53.10,99.27,0.00,IDLE,0,-1"
1778765614.800689,70160,44.95,-54.32,99.27,"70160,44.95,-54.32,99.27,0.00,IDLE,0,-1"
1778765614.9008768,70260,43.48,-55.79,99.27,"70260,43.48,-55.79,99.27,0.00,IDLE,0,-1"
1778765615.0000544,70360,42.99,-56.28,99.27,"70360,42.99,-56.28,99.27,0.00,IDLE,0,-1"
1778765615.0998402,70460,42.75,-56.52,99.27,"70460,42.75,-56.52,99.27,0.00,IDLE,0,-1"
1778765615.200583,70560,42.75,-56.52,99.27,"70560,42.75,-56.52,99.27,0.00,IDLE,0,-1"
1778765615.3010898,70660,42.50,-56.76,99.27,"70660,42.50,-56.76,99.27,0.00,IDLE,0,-1"
1778765615.4005382,70760,42.26,-57.01,99.27,"70760,42.26,-57.01,99.27,0.00,IDLE,0,-1"
1778765615.5008826,70860,42.26,-57.01,99.27,"70860,42.26,-57.01,99.27,0.00,IDLE,0,-1"
1778765615.5996225,70960,42.50,-56.76,99.27,"70960,42.50,-56.76,99.27,0.00,IDLE,0,-1"
1778765615.7005265,71060,42.26,-57.01,99.27,"71060,42.26,-57.01,99.27,0.00,IDLE,0,-1"
1778765615.800973,71160,42.50,-56.76,99.27,"71160,42.50,-56.76,99.27,0.00,IDLE,0,-1"
1778765615.9006515,71260,42.26,-57.01,99.27,"71260,42.26,-57.01,99.27,0.00,IDLE,0,-1"
1778765615.9998672,71360,42.26,-57.01,99.27,"71360,42.26,-57.01,99.27,0.00,IDLE,0,-1"
1778765616.100974,71460,41.52,-57.74,99.27,"71460,41.52,-57.74,99.27,0.00,IDLE,0,-1"
1778765616.2002194,71560,40.30,-58.96,99.27,"71560,40.30,-58.96,99.27,0.00,IDLE,0,-1"
1778765616.3005724,71660,37.86,-61.41,99.27,"71660,37.86,-61.41,99.27,0.00,IDLE,0,-1"
1778765616.4006279,71760,36.39,-62.87,99.27,"71760,36.39,-62.87,99.27,0.00,IDLE,0,-1"
1778765616.5004416,71860,35.42,-63.85,99.27,"71860,35.42,-63.85,99.27,0.00,IDLE,0,-1"
1778765616.6005356,71960,35.42,-63.85,99.27,"71960,35.42,-63.85,99.27,0.00,IDLE,0,-1"
1778765616.7009184,72060,34.93,-64.34,99.27,"72060,34.93,-64.34,99.27,0.00,IDLE,0,-1"
1778765616.799847,72160,35.17,-64.10,99.27,"72160,35.17,-64.10,99.27,0.00,IDLE,0,-1"
1778765616.9006376,72260,34.93,-64.34,99.27,"72260,34.93,-64.34,99.27,0.00,IDLE,0,-1"
1778765617.000973,72360,34.68,-64.58,99.27,"72360,34.68,-64.58,99.27,0.00,IDLE,0,-1"
1778765617.1005266,72460,34.68,-64.58,99.27,"72460,34.68,-64.58,99.27,0.00,IDLE,0,-1"
1778765617.200719,72560,34.68,-64.58,99.27,"72560,34.68,-64.58,99.27,0.00,IDLE,0,-1"
1778765617.300997,72660,33.70,-65.56,99.27,"72660,33.70,-65.56,99.27,0.00,IDLE,0,-1"
1778765617.3997977,72760,32.97,-66.30,99.27,"72760,32.97,-66.30,99.27,0.00,IDLE,0,-1"
1778765617.5005794,72860,32.48,-66.78,99.27,"72860,32.48,-66.78,99.27,0.00,IDLE,0,-1"
1778765617.5993888,72960,31.99,-67.27,99.27,"72960,31.99,-67.27,99.27,0.00,IDLE,0,-1"
1778765617.7005427,73060,31.99,-67.27,99.27,"73060,31.99,-67.27,99.27,0.00,IDLE,0,-1"
1778765617.8002708,73160,31.26,-68.01,99.27,"73160,31.26,-68.01,99.27,0.00,IDLE,0,-1"
1778765617.8997917,73260,31.02,-68.25,99.27,"73260,31.02,-68.25,99.27,0.00,IDLE,0,-1"
1778765618.0003948,73360,31.02,-68.25,99.27,"73360,31.02,-68.25,99.27,0.00,IDLE,0,-1"
1778765618.100274,73460,31.02,-68.25,99.27,"73460,31.02,-68.25,99.27,0.00,IDLE,0,-1"
1778765618.200307,73560,31.02,-68.25,99.27,"73560,31.02,-68.25,99.27,0.00,IDLE,0,-1"
1778765618.3003254,73660,31.02,-68.25,99.27,"73660,31.02,-68.25,99.27,0.00,IDLE,0,-1"
1778765618.4005623,73760,31.26,-68.01,99.27,"73760,31.26,-68.01,99.27,0.00,IDLE,0,-1"
1778765618.499451,73860,31.02,-68.25,99.27,"73860,31.02,-68.25,99.27,0.00,IDLE,0,-1"
1778765618.6005006,73960,31.02,-68.25,99.27,"73960,31.02,-68.25,99.27,0.00,IDLE,0,-1"
1778765618.7007647,74060,31.02,-68.25,99.27,"74060,31.02,-68.25,99.27,0.00,IDLE,0,-1"
1778765618.8002646,74160,31.02,-68.25,99.27,"74160,31.02,-68.25,99.27,0.00,IDLE,0,-1"
1778765618.9001994,74260,31.02,-68.25,99.27,"74260,31.02,-68.25,99.27,0.00,IDLE,0,-1"
1778765619.0010471,74360,31.02,-68.25,99.27,"74360,31.02,-68.25,99.27,0.00,IDLE,0,-1"
1778765619.1008122,74460,31.02,-68.25,99.27,"74460,31.02,-68.25,99.27,0.00,IDLE,0,-1"
1778765619.200686,74560,31.02,-68.25,99.27,"74560,31.02,-68.25,99.27,0.00,IDLE,0,-1"
1778765619.3003304,74660,30.77,-68.49,99.27,"74660,30.77,-68.49,99.27,0.00,IDLE,0,-1"
1778765619.3997629,74760,30.28,-68.98,99.27,"74760,30.28,-68.98,99.27,0.00,IDLE,0,-1"
1778765619.500551,74860,29.55,-69.72,99.27,"74860,29.55,-69.72,99.27,0.00,IDLE,0,-1"
1778765619.600363,74960,29.79,-69.47,99.27,"74960,29.79,-69.47,99.27,0.00,IDLE,0,-1"
1778765619.7003803,75060,29.55,-69.72,99.27,"75060,29.55,-69.72,99.27,0.00,IDLE,0,-1"
1778765619.7998433,75160,29.55,-69.72,99.27,"75160,29.55,-69.72,99.27,0.00,IDLE,0,-1"
1778765619.9011147,75260,29.55,-69.72,99.27,"75260,29.55,-69.72,99.27,0.00,IDLE,0,-1"
1778765619.9999552,75360,29.31,-69.96,99.27,"75360,29.31,-69.96,99.27,0.00,IDLE,0,-1"
1778765620.100589,75460,29.55,-69.72,99.27,"75460,29.55,-69.72,99.27,0.00,IDLE,0,-1"
1778765620.2011607,75560,29.55,-69.72,99.27,"75560,29.55,-69.72,99.27,0.00,IDLE,0,-1"
1778765620.2997868,75660,29.31,-69.96,99.27,"75660,29.31,-69.96,99.27,0.00,IDLE,0,-1"
1778765620.4007015,75760,29.55,-69.72,99.27,"75760,29.55,-69.72,99.27,0.00,IDLE,0,-1"
1778765620.5011046,75860,29.55,-69.72,99.27,"75860,29.55,-69.72,99.27,0.00,IDLE,0,-1"
1778765620.5997372,75960,29.31,-69.96,99.27,"75960,29.31,-69.96,99.27,0.00,IDLE,0,-1"
1778765620.7003372,76060,29.06,-70.21,99.27,"76060,29.06,-70.21,99.27,0.00,IDLE,0,-1"
1778765620.8001366,76160,29.31,-69.96,99.27,"76160,29.31,-69.96,99.27,0.00,IDLE,0,-1"
1778765620.9003894,76260,29.31,-69.96,99.27,"76260,29.31,-69.96,99.27,0.00,IDLE,0,-1"
1778765621.000713,76360,29.55,-69.72,99.27,"76360,29.55,-69.72,99.27,0.00,IDLE,0,-1"
1778765621.099581,76460,29.31,-69.96,99.27,"76460,29.31,-69.96,99.27,0.00,IDLE,0,-1"
1778765621.2000492,76560,29.31,-69.96,99.27,"76560,29.31,-69.96,99.27,0.00,IDLE,0,-1"
1778765621.3006701,76660,29.31,-69.96,99.27,"76660,29.31,-69.96,99.27,0.00,IDLE,0,-1"
1778765621.4000092,76760,29.31,-69.96,99.27,"76760,29.31,-69.96,99.27,0.00,IDLE,0,-1"
1778765621.499972,76860,29.31,-69.96,99.27,"76860,29.31,-69.96,99.27,0.00,IDLE,0,-1"
1778765621.6006436,76960,29.31,-69.96,99.27,"76960,29.31,-69.96,99.27,0.00,IDLE,0,-1"
1778765621.7002387,77060,29.06,-70.21,99.27,"77060,29.06,-70.21,99.27,0.00,IDLE,0,-1"
1778765621.8007455,77160,29.55,-69.72,99.27,"77160,29.55,-69.72,99.27,0.00,IDLE,0,-1"
1778765621.901001,77260,29.31,-69.96,99.27,"77260,29.31,-69.96,99.27,0.00,IDLE,0,-1"
1778765622.000041,77360,29.31,-69.96,99.27,"77360,29.31,-69.96,99.27,0.00,IDLE,0,-1"
1778765622.100082,77460,29.31,-69.96,99.27,"77460,29.31,-69.96,99.27,0.00,IDLE,0,-1"
1778765622.200253,77560,29.55,-69.72,99.27,"77560,29.55,-69.72,99.27,0.00,IDLE,0,-1"
1778765622.300086,77660,29.31,-69.96,99.27,"77660,29.31,-69.96,99.27,0.00,IDLE,0,-1"
1778765622.4006321,77760,29.31,-69.96,99.27,"77760,29.31,-69.96,99.27,0.00,IDLE,0,-1"
1778765622.5009139,77860,29.31,-69.96,99.27,"77860,29.31,-69.96,99.27,0.00,IDLE,0,-1"
1778765622.600251,77960,29.31,-69.96,99.27,"77960,29.31,-69.96,99.27,0.00,IDLE,0,-1"
1778765622.7000444,78060,29.31,-69.96,99.27,"78060,29.31,-69.96,99.27,0.00,IDLE,0,-1"
1778765622.8006332,78160,29.55,-69.72,99.27,"78160,29.55,-69.72,99.27,0.00,IDLE,0,-1"
1778765622.8998322,78260,29.79,-69.47,99.27,"78260,29.79,-69.47,99.27,0.00,IDLE,0,-1"
1778765623.0012908,78360,29.55,-69.72,99.27,"78360,29.55,-69.72,99.27,0.00,IDLE,0,-1"
1778765623.1006677,78460,30.04,-69.23,99.27,"78460,30.04,-69.23,99.27,0.00,IDLE,0,-1"
1778765623.2003355,78560,30.04,-69.23,99.27,"78560,30.04,-69.23,99.27,0.00,IDLE,0,-1"
1778765623.3012183,78660,30.04,-69.23,99.27,"78660,30.04,-69.23,99.27,0.00,IDLE,0,-1"
1778765623.400472,78760,30.04,-69.23,99.27,"78760,30.04,-69.23,99.27,0.00,IDLE,0,-1"
1778765623.4996777,78860,30.28,-68.98,99.27,"78860,30.28,-68.98,99.27,0.00,IDLE,0,-1"
1778765623.600144,78960,30.53,-68.74,99.27,"78960,30.53,-68.74,99.27,0.00,IDLE,0,-1"
1778765623.7009692,79060,30.53,-68.74,99.27,"79060,30.53,-68.74,99.27,0.00,IDLE,0,-1"
1778765623.800355,79160,30.53,-68.74,99.27,"79160,30.53,-68.74,99.27,0.00,IDLE,0,-1"
1778765623.900761,79260,30.53,-68.74,99.27,"79260,30.53,-68.74,99.27,0.00,IDLE,0,-1"
1778765623.99935,79360,30.53,-68.74,99.27,"79360,30.53,-68.74,99.27,0.00,IDLE,0,-1"
1778765624.1005607,79460,30.53,-68.74,99.27,"79460,30.53,-68.74,99.27,0.00,IDLE,0,-1"
1778765624.2005618,79560,30.53,-68.74,99.27,"79560,30.53,-68.74,99.27,0.00,IDLE,0,-1"
1778765624.2999582,79660,30.53,-68.74,99.27,"79660,30.53,-68.74,99.27,0.00,IDLE,0,-1"
1778765624.4008298,79760,30.77,-68.49,99.27,"79760,30.77,-68.49,99.27,0.00,IDLE,0,-1"
1778765624.4999807,79860,30.77,-68.49,99.27,"79860,30.77,-68.49,99.27,0.00,IDLE,0,-1"
1778765624.599518,79960,30.77,-68.49,99.27,"79960,30.77,-68.49,99.27,0.00,IDLE,0,-1"
1778765624.7003858,80060,30.77,-68.49,99.27,"80060,30.77,-68.49,99.27,0.00,IDLE,0,-1"
1778765624.8008604,80160,30.77,-68.49,99.27,"80160,30.77,-68.49,99.27,0.00,IDLE,0,-1"
1778765624.9002364,80260,31.02,-68.25,99.27,"80260,31.02,-68.25,99.27,0.00,IDLE,0,-1"
1778765624.9998853,80360,31.02,-68.25,99.27,"80360,31.02,-68.25,99.27,0.00,IDLE,0,-1"
1778765625.1005497,80460,31.02,-68.25,99.27,"80460,31.02,-68.25,99.27,0.00,IDLE,0,-1"
1778765625.1996756,80560,30.77,-68.49,99.27,"80560,30.77,-68.49,99.27,0.00,IDLE,0,-1"
1778765625.30067,80660,31.02,-68.25,99.27,"80660,31.02,-68.25,99.27,0.00,IDLE,0,-1"
1778765625.4006069,80760,31.02,-68.25,99.27,"80760,31.02,-68.25,99.27,0.00,IDLE,0,-1"
1778765625.5001543,80860,31.02,-68.25,99.27,"80860,31.02,-68.25,99.27,0.00,IDLE,0,-1"
1778765625.6002903,80960,31.26,-68.01,99.27,"80960,31.26,-68.01,99.27,0.00,IDLE,0,-1"
1778765625.7010415,81060,31.02,-68.25,99.27,"81060,31.02,-68.25,99.27,0.00,IDLE,0,-1"
1778765625.7996454,81160,31.02,-68.25,99.27,"81160,31.02,-68.25,99.27,0.00,IDLE,0,-1"
1778765625.9001443,81260,31.02,-68.25,99.27,"81260,31.02,-68.25,99.27,0.00,IDLE,0,-1"
1778765625.9999707,81360,31.02,-68.25,99.27,"81360,31.02,-68.25,99.27,0.00,IDLE,0,-1"
1778765626.1000743,81460,31.02,-68.25,99.27,"81460,31.02,-68.25,99.27,0.00,IDLE,0,-1"
1778765626.200546,81560,31.02,-68.25,99.27,"81560,31.02,-68.25,99.27,0.00,IDLE,0,-1"
1778765626.300772,81660,31.51,-67.76,99.27,"81660,31.51,-67.76,99.27,0.00,IDLE,0,-1"
1778765626.39995,81760,31.26,-68.01,99.27,"81760,31.26,-68.01,99.27,0.00,IDLE,0,-1"
1778765626.5007362,81860,31.26,-68.01,99.27,"81860,31.26,-68.01,99.27,0.00,IDLE,0,-1"
1778765626.6004465,81960,31.26,-68.01,99.27,"81960,31.26,-68.01,99.27,0.00,IDLE,0,-1"
1778765626.699896,82060,31.02,-68.25,99.27,"82060,31.02,-68.25,99.27,0.00,IDLE,0,-1"
1778765626.800312,82160,31.26,-68.01,99.27,"82160,31.26,-68.01,99.27,0.00,IDLE,0,-1"
1778765626.9003544,82260,31.02,-68.25,99.27,"82260,31.02,-68.25,99.27,0.00,IDLE,0,-1"
1778765627.000241,82360,31.51,-67.76,99.27,"82360,31.51,-67.76,99.27,0.00,IDLE,0,-1"
1778765627.1008759,82460,32.48,-66.78,99.27,"82460,32.48,-66.78,99.27,0.00,IDLE,0,-1"
1778765627.1998208,82560,32.73,-66.54,99.27,"82560,32.73,-66.54,99.27,0.00,IDLE,0,-1"
1778765627.2997568,82660,32.73,-66.54,99.27,"82660,32.73,-66.54,99.27,0.00,IDLE,0,-1"
1778765627.4000416,82760,33.22,-66.05,99.27,"82760,33.22,-66.05,99.27,0.00,IDLE,0,-1"
1778765627.4993258,82860,32.97,-66.30,99.27,"82860,32.97,-66.30,99.27,0.00,IDLE,0,-1"
1778765627.5999308,82960,33.70,-65.56,99.27,"82960,33.70,-65.56,99.27,0.00,IDLE,0,-1"
1778765627.700122,83060,34.19,-65.07,99.27,"83060,34.19,-65.07,99.27,0.00,IDLE,0,-1"
1778765627.79931,83160,34.19,-65.07,99.27,"83160,34.19,-65.07,99.27,0.00,IDLE,0,-1"
1778765627.9006062,83260,34.19,-65.07,99.27,"83260,34.19,-65.07,99.27,0.00,IDLE,0,-1"
1778765628.0008366,83360,34.19,-65.07,99.27,"83360,34.19,-65.07,99.27,0.00,IDLE,0,-1"
1778765628.100633,83460,34.19,-65.07,99.27,"83460,34.19,-65.07,99.27,0.00,IDLE,0,-1"
1778765628.2005875,83560,34.44,-64.83,99.27,"83560,34.44,-64.83,99.27,0.00,IDLE,0,-1"
1778765628.3008802,83660,34.19,-65.07,99.27,"83660,34.19,-65.07,99.27,0.00,IDLE,0,-1"
1778765628.4001045,83760,34.19,-65.07,99.27,"83760,34.19,-65.07,99.27,0.00,IDLE,0,-1"
1778765628.5004196,83860,34.68,-64.58,99.27,"83860,34.68,-64.58,99.27,0.00,IDLE,0,-1"
1778765628.6007771,83960,35.17,-64.10,99.27,"83960,35.17,-64.10,99.27,0.00,IDLE,0,-1"
1778765628.7001612,84060,36.39,-62.87,99.27,"84060,36.39,-62.87,99.27,0.00,IDLE,0,-1"
1778765628.8005724,84160,38.35,-60.92,99.27,"84160,38.35,-60.92,99.27,0.00,IDLE,0,-1"
1778765628.9008687,84260,39.08,-60.19,99.27,"84260,39.08,-60.19,99.27,0.00,IDLE,0,-1"
1778765629.0001225,84360,39.33,-59.94,99.27,"84360,39.33,-59.94,99.27,0.00,IDLE,0,-1"
1778765629.1002398,84460,39.33,-59.94,99.27,"84460,39.33,-59.94,99.27,0.00,IDLE,0,-1"
1778765629.2004619,84560,39.57,-59.70,99.27,"84560,39.57,-59.70,99.27,0.00,IDLE,0,-1"
1778765629.2995346,84660,39.81,-59.45,99.27,"84660,39.81,-59.45,99.27,0.00,IDLE,0,-1"
1778765629.4015431,84760,42.01,-57.25,99.27,"84760,42.01,-57.25,99.27,0.00,IDLE,0,-1"
1778765629.5008154,84860,42.50,-56.76,99.27,"84860,42.50,-56.76,99.27,0.00,IDLE,0,-1"
1778765629.6001241,84960,42.50,-56.76,99.27,"84960,42.50,-56.76,99.27,0.00,IDLE,0,-1"
1778765629.7003133,85060,42.99,-56.28,99.27,"85060,42.99,-56.28,99.27,0.00,IDLE,0,-1"
1778765629.8011386,85160,42.99,-56.28,99.27,"85160,42.99,-56.28,99.27,0.00,IDLE,0,-1"
1778765629.9003592,85260,43.24,-56.03,99.27,"85260,43.24,-56.03,99.27,0.00,IDLE,0,-1"
1778765630.0012045,85360,43.48,-55.79,99.27,"85360,43.48,-55.79,99.27,0.00,IDLE,0,-1"
1778765630.1010642,85460,43.48,-55.79,99.27,"85460,43.48,-55.79,99.27,0.00,IDLE,0,-1"
1778765630.199921,85560,43.48,-55.79,99.27,"85560,43.48,-55.79,99.27,0.00,IDLE,0,-1"
1778765630.299963,85660,43.48,-55.79,99.27,"85660,43.48,-55.79,99.27,0.00,IDLE,0,-1"
1778765630.3996727,85760,43.48,-55.79,99.27,"85760,43.48,-55.79,99.27,0.00,IDLE,0,-1"
1778765630.4996505,85860,43.48,-55.79,99.27,"85860,43.48,-55.79,99.27,0.00,IDLE,0,-1"
1778765630.600723,85960,43.72,-55.54,99.27,"85960,43.72,-55.54,99.27,0.00,IDLE,0,-1"
1778765630.6996093,86060,43.97,-55.30,99.27,"86060,43.97,-55.30,99.27,0.00,IDLE,0,-1"
1778765630.8005285,86160,44.95,-54.32,99.27,"86160,44.95,-54.32,99.27,0.00,IDLE,0,-1"
1778765630.900172,86260,45.19,-54.08,99.27,"86260,45.19,-54.08,99.27,0.00,IDLE,0,-1"
1778765630.9996445,86360,45.19,-54.08,99.27,"86360,45.19,-54.08,99.27,0.00,IDLE,0,-1"
1778765631.1002944,86460,45.68,-53.59,99.27,"86460,45.68,-53.59,99.27,0.00,IDLE,0,-1"
1778765631.2000606,86560,46.17,-53.10,99.27,"86560,46.17,-53.10,99.27,0.00,IDLE,0,-1"
1778765631.2997668,86660,47.15,-52.12,99.27,"86660,47.15,-52.12,99.27,0.00,IDLE,0,-1"
1778765631.4005263,86760,47.88,-51.39,99.27,"86760,47.88,-51.39,99.27,0.00,IDLE,0,-1"
1778765631.5009398,86860,47.88,-51.39,99.27,"86860,47.88,-51.39,99.27,0.00,IDLE,0,-1"
1778765631.6000242,86960,47.88,-51.39,99.27,"86960,47.88,-51.39,99.27,0.00,IDLE,0,-1"
1778765631.7003777,87060,48.86,-50.41,99.27,"87060,48.86,-50.41,99.27,0.00,IDLE,0,-1"
1778765631.8011954,87160,50.81,-48.46,99.27,"87160,50.81,-48.46,99.27,0.00,IDLE,0,-1"
1778765631.9001093,87260,52.03,-47.23,99.27,"87260,52.03,-47.23,99.27,0.00,IDLE,0,-1"
1778765632.0006523,87360,51.79,-47.48,99.27,"87360,51.79,-47.48,99.27,0.00,IDLE,0,-1"
1778765632.1001194,87460,52.28,-46.99,99.27,"87460,52.28,-46.99,99.27,0.00,IDLE,0,-1"
1778765632.199107,87560,52.03,-47.23,99.27,"87560,52.03,-47.23,99.27,0.00,IDLE,0,-1"
1778765632.300704,87660,53.01,-46.26,99.27,"87660,53.01,-46.26,99.27,0.00,IDLE,0,-1"
1778765632.4001763,87760,57.41,-41.86,99.27,"87760,57.41,-41.86,99.27,0.00,IDLE,0,-1"
1778765632.4993043,87860,64.01,-35.26,99.27,"87860,64.01,-35.26,99.27,0.00,IDLE,0,-1"
1778765632.6015635,87960,65.72,-33.55,99.27,"87960,65.72,-33.55,99.27,0.00,IDLE,0,-1"
1778765632.7010455,88060,66.21,-33.06,99.27,"88060,66.21,-33.06,99.27,0.00,IDLE,0,-1"
1778765632.8015075,88160,66.45,-32.82,99.27,"88160,66.45,-32.82,99.27,0.00,IDLE,0,-1"
1778765632.9001758,88260,67.43,-31.84,99.27,"88260,67.43,-31.84,99.27,0.00,IDLE,0,-1"
1778765633.0007222,88360,69.14,-30.13,99.27,"88360,69.14,-30.13,99.27,0.00,IDLE,0,-1"
1778765633.0996475,88460,71.58,-27.68,99.27,"88460,71.58,-27.68,99.27,0.00,IDLE,0,-1"
1778765633.200449,88560,72.81,-26.46,99.27,"88560,72.81,-26.46,99.27,0.00,IDLE,0,-1"
1778765633.3012118,88660,73.05,-26.22,99.27,"88660,73.05,-26.22,99.27,0.00,IDLE,0,-1"
1778765633.399711,88760,73.29,-25.97,99.27,"88760,73.29,-25.97,99.27,0.00,IDLE,0,-1"
1778765633.500277,88860,73.54,-25.73,99.27,"88860,73.54,-25.73,99.27,0.00,IDLE,0,-1"
1778765633.599503,88960,73.29,-25.97,99.27,"88960,73.29,-25.97,99.27,0.00,IDLE,0,-1"
1778765633.7003696,89060,73.54,-25.73,99.27,"89060,73.54,-25.73,99.27,0.00,IDLE,0,-1"
1778765633.8003807,89160,73.54,-25.73,99.27,"89160,73.54,-25.73,99.27,0.00,IDLE,0,-1"
1778765633.8999245,89260,73.54,-25.73,99.27,"89260,73.54,-25.73,99.27,0.00,IDLE,0,-1"
1778765634.001641,89360,73.54,-25.73,99.27,"89360,73.54,-25.73,99.27,0.00,IDLE,0,-1"
1778765634.100202,89460,73.54,-25.73,99.27,"89460,73.54,-25.73,99.27,0.00,IDLE,0,-1"
1778765634.199999,89560,73.54,-25.73,99.27,"89560,73.54,-25.73,99.27,0.00,IDLE,0,-1"
1778765634.2998602,89660,73.54,-25.73,99.27,"89660,73.54,-25.73,99.27,0.00,IDLE,0,-1"
1778765634.4007292,89760,73.54,-25.73,99.27,"89760,73.54,-25.73,99.27,0.00,IDLE,0,-1"
1778765634.499294,89860,73.78,-25.48,99.27,"89860,73.78,-25.48,99.27,0.00,IDLE,0,-1"
1778765634.6001332,89960,73.78,-25.48,99.27,"89960,73.78,-25.48,99.27,0.00,IDLE,0,-1"
1778765634.7003853,90060,73.78,-25.48,99.27,"90060,73.78,-25.48,99.27,0.00,IDLE,0,-1"
1778765634.7997882,90160,73.78,-25.48,99.27,"90160,73.78,-25.48,99.27,0.00,IDLE,0,-1"
1778765634.900107,90260,74.03,-25.24,99.27,"90260,74.03,-25.24,99.27,0.00,IDLE,0,-1"
1778765635.0007668,90360,74.27,-25.00,99.27,"90360,74.27,-25.00,99.27,0.00,IDLE,0,-1"
1778765635.099685,90460,75.98,-23.28,99.27,"90460,75.98,-23.28,99.27,0.00,IDLE,0,-1"
1778765635.1999319,90560,77.20,-22.06,99.27,"90560,77.20,-22.06,99.27,0.00,IDLE,0,-1"
1778765635.3005536,90660,77.45,-21.82,99.27,"90660,77.45,-21.82,99.27,0.00,IDLE,0,-1"
1778765635.4001896,90760,77.69,-21.57,99.27,"90760,77.69,-21.57,99.27,0.00,IDLE,0,-1"
1778765635.500435,90860,77.94,-21.33,99.27,"90860,77.94,-21.33,99.27,0.00,IDLE,0,-1"
1778765635.600822,90960,78.18,-21.09,99.27,"90960,78.18,-21.09,99.27,0.00,IDLE,0,-1"
1778765635.7001193,91060,78.67,-20.60,99.27,"91060,78.67,-20.60,99.27,0.00,IDLE,0,-1"
1778765635.8000755,91160,79.65,-19.62,99.27,"91160,79.65,-19.62,99.27,0.00,IDLE,0,-1"
1778765635.9003253,91260,82.09,-17.17,99.27,"91260,82.09,-17.17,99.27,0.00,IDLE,0,-1"
1778765635.9994528,91360,84.78,-14.49,99.27,"91360,84.78,-14.49,99.27,0.00,IDLE,0,-1"
1778765636.100504,91460,85.51,-13.75,99.27,"91460,85.51,-13.75,99.27,0.00,IDLE,0,-1"
1778765636.2004237,91560,86.00,-13.26,99.27,"91560,86.00,-13.26,99.27,0.00,IDLE,0,-1"
1778765636.300162,91660,86.00,-13.26,99.27,"91660,86.00,-13.26,99.27,0.00,IDLE,0,-1"
1778765636.4000287,91760,86.25,-13.02,99.27,"91760,86.25,-13.02,99.27,0.00,IDLE,0,-1"
1778765636.5001748,91860,86.25,-13.02,99.27,"91860,86.25,-13.02,99.27,0.00,IDLE,0,-1"
1778765636.5995915,91960,86.49,-12.78,99.27,"91960,86.49,-12.78,99.27,0.00,IDLE,0,-1"
1778765636.700566,92060,86.25,-13.02,99.27,"92060,86.25,-13.02,99.27,0.00,IDLE,0,-1"
1778765636.8000283,92160,86.49,-12.78,99.27,"92160,86.49,-12.78,99.27,0.00,IDLE,0,-1"
1778765636.900439,92260,86.49,-12.78,99.27,"92260,86.49,-12.78,99.27,0.00,IDLE,0,-1"
1778765637.0007415,92360,86.74,-12.53,99.27,"92360,86.74,-12.53,99.27,0.00,IDLE,0,-1"
1778765637.1000006,92460,87.22,-12.04,99.27,"92460,87.22,-12.04,99.27,0.00,IDLE,0,-1"
1778765637.2001982,92560,87.47,-11.80,99.27,"92560,87.47,-11.80,99.27,0.00,IDLE,0,-1"
1778765637.3006535,92660,87.71,-11.55,99.27,"92660,87.71,-11.55,99.27,0.00,IDLE,0,-1"
1778765637.3991728,92760,87.71,-11.55,99.27,"92760,87.71,-11.55,99.27,0.00,IDLE,0,-1"
1778765637.4997907,92860,87.96,-11.31,99.27,"92860,87.96,-11.31,99.27,0.00,IDLE,0,-1"
1778765637.5998588,92960,88.69,-10.58,99.27,"92960,88.69,-10.58,99.27,0.00,IDLE,0,-1"
1778765637.6998703,93060,88.93,-10.33,99.27,"93060,88.93,-10.33,99.27,0.00,IDLE,0,-1"
1778765637.7999716,93160,89.18,-10.09,99.27,"93160,89.18,-10.09,99.27,0.00,IDLE,0,-1"
1778765637.9008696,93260,89.18,-10.09,99.27,"93260,89.18,-10.09,99.27,0.00,IDLE,0,-1"
1778765637.9999332,93360,90.16,-9.11,99.27,"93360,90.16,-9.11,99.27,0.00,IDLE,0,-1"
1778765638.1003187,93460,90.40,-8.87,99.27,"93460,90.40,-8.87,99.27,0.00,IDLE,0,-1"
1778765638.200361,93560,90.40,-8.87,99.27,"93560,90.40,-8.87,99.27,0.00,IDLE,0,-1"
1778765638.2992048,93660,90.65,-8.62,99.27,"93660,90.65,-8.62,99.27,0.00,IDLE,0,-1"
1778765638.4003918,93760,90.65,-8.62,99.27,"93760,90.65,-8.62,99.27,0.00,IDLE,0,-1"
1778765638.5006607,93860,91.13,-8.13,99.27,"93860,91.13,-8.13,99.27,0.00,IDLE,0,-1"
1778765638.5996938,93960,91.62,-7.64,99.27,"93960,91.62,-7.64,99.27,0.00,IDLE,0,-1"
1778765638.70034,94060,91.62,-7.64,99.27,"94060,91.62,-7.64,99.27,0.00,IDLE,0,-1"
1778765638.8003418,94160,92.11,-7.16,99.27,"94160,92.11,-7.16,99.27,0.00,IDLE,0,-1"
1778765638.9001637,94260,91.87,-7.40,99.27,"94260,91.87,-7.40,99.27,0.00,IDLE,0,-1"
1778765639.0006187,94360,92.84,-6.42,99.27,"94360,92.84,-6.42,99.27,0.00,IDLE,0,-1"
1778765639.1006238,94460,93.09,-6.18,99.27,"94460,93.09,-6.18,99.27,0.00,IDLE,0,-1"
1778765639.200147,94560,93.33,-5.93,99.27,"94560,93.33,-5.93,99.27,0.00,IDLE,0,-1"
1778765639.300704,94660,93.58,-5.69,99.27,"94660,93.58,-5.69,99.27,0.00,IDLE,0,-1"
1778765639.4008865,94760,94.07,-5.20,99.27,"94760,94.07,-5.20,99.27,0.00,IDLE,0,-1"
1778765639.4997356,94860,94.56,-4.71,99.27,"94860,94.56,-4.71,99.27,0.00,IDLE,0,-1"
1778765639.6000888,94960,94.80,-4.47,99.27,"94960,94.80,-4.47,99.27,0.00,IDLE,0,-1"
1778765639.7009914,95060,94.80,-4.47,99.27,"95060,94.80,-4.47,99.27,0.00,IDLE,0,-1"
1778765639.799814,95160,95.04,-4.22,99.27,"95160,95.04,-4.22,99.27,0.00,IDLE,0,-1"
1778765639.90035,95260,95.04,-4.22,99.27,"95260,95.04,-4.22,99.27,0.00,IDLE,0,-1"
1778765639.9997241,95360,95.04,-4.22,99.27,"95360,95.04,-4.22,99.27,0.00,IDLE,0,-1"
1778765640.0998492,95460,95.04,-4.22,99.27,"95460,95.04,-4.22,99.27,0.00,IDLE,0,-1"
1778765640.199937,95560,95.04,-4.22,99.27,"95560,95.04,-4.22,99.27,0.00,IDLE,0,-1"
1778765640.2999256,95660,95.53,-3.73,99.27,"95660,95.53,-3.73,99.27,0.00,IDLE,0,-1"
1778765640.3998814,95760,96.02,-3.25,99.27,"95760,96.02,-3.25,99.27,0.00,IDLE,0,-1"
1778765640.4997218,95860,96.02,-3.25,99.27,"95860,96.02,-3.25,99.27,0.00,IDLE,0,-1"
1778765640.5996528,95960,96.27,-3.00,99.27,"95960,96.27,-3.00,99.27,0.00,IDLE,0,-1"
1778765640.7002542,96060,96.27,-3.00,99.27,"96060,96.27,-3.00,99.27,0.00,IDLE,0,-1"
1778765640.8000743,96160,96.51,-2.76,99.27,"96160,96.51,-2.76,99.27,0.00,IDLE,0,-1"
1778765640.9002135,96260,96.51,-2.76,99.27,"96260,96.51,-2.76,99.27,0.00,IDLE,0,-1"
1778765640.999706,96360,96.51,-2.76,99.27,"96360,96.51,-2.76,99.27,0.00,IDLE,0,-1"
1778765641.100109,96460,96.51,-2.76,99.27,"96460,96.51,-2.76,99.27,0.00,IDLE,0,-1"
1778765641.1991284,96560,97.00,-2.27,99.27,"96560,97.00,-2.27,99.27,0.00,IDLE,0,-1"
1778765641.299524,96660,97.24,-2.02,99.27,"96660,97.24,-2.02,99.27,0.00,IDLE,0,-1"
1778765641.4010766,96760,97.98,-1.29,99.27,"96760,97.98,-1.29,99.27,0.00,IDLE,0,-1"
1778765641.4996173,96860,98.22,-1.05,99.27,"96860,98.22,-1.05,99.27,0.00,IDLE,0,-1"
1778765641.6003144,96960,97.98,-1.29,99.27,"96960,97.98,-1.29,99.27,0.00,IDLE,0,-1"
1778765641.7001317,97060,98.22,-1.05,99.27,"97060,98.22,-1.05,99.27,0.00,IDLE,0,-1"
1778765641.7999206,97160,98.22,-1.05,99.27,"97160,98.22,-1.05,99.27,0.00,IDLE,0,-1"
1778765641.9001577,97260,98.22,-1.05,99.27,"97260,98.22,-1.05,99.27,0.00,IDLE,0,-1"
1778765641.9999325,97360,98.22,-1.05,99.27,"97360,98.22,-1.05,99.27,0.00,IDLE,0,-1"
1778765642.0996196,97460,99.93,0.66,99.27,"97460,99.93,0.66,99.27,0.00,IDLE,0,-1"
1778765642.1997776,97560,100.18,0.91,99.27,"97560,100.18,0.91,99.27,0.00,IDLE,0,-1"
1778765642.3004954,97660,100.66,1.40,99.27,"97660,100.66,1.40,99.27,0.00,IDLE,0,-1"
1778765642.4000354,97760,100.91,1.64,99.27,"97760,100.91,1.64,99.27,0.00,IDLE,0,-1"
1778765642.499896,97860,100.91,1.64,99.27,"97860,100.91,1.64,99.27,0.00,IDLE,0,-1"
1778765642.6002548,97960,101.15,1.89,99.27,"97960,101.15,1.89,99.27,0.00,IDLE,0,-1"
1778765642.6999288,98060,100.91,1.64,99.27,"98060,100.91,1.64,99.27,0.00,IDLE,0,-1"
1778765642.8004742,98160,101.15,1.89,99.27,"98160,101.15,1.89,99.27,0.00,IDLE,0,-1"
1778765642.9001198,98260,101.40,2.13,99.27,"98260,101.40,2.13,99.27,0.00,IDLE,0,-1"
1778765642.999726,98360,101.15,1.89,99.27,"98360,101.15,1.89,99.27,0.00,IDLE,0,-1"
1778765643.0996807,98460,101.40,2.13,99.27,"98460,101.40,2.13,99.27,0.00,IDLE,0,-1"
1778765643.1997945,98560,101.40,2.13,99.27,"98560,101.40,2.13,99.27,0.00,IDLE,0,-1"
1778765643.3000538,98660,101.40,2.13,99.27,"98660,101.40,2.13,99.27,0.00,IDLE,0,-1"
1778765643.4004252,98760,101.40,2.13,99.27,"98760,101.40,2.13,99.27,0.00,IDLE,0,-1"
1778765643.49941,98860,101.40,2.13,99.27,"98860,101.40,2.13,99.27,0.00,IDLE,0,-1"
1778765643.6002376,98960,101.40,2.13,99.27,"98960,101.40,2.13,99.27,0.00,IDLE,0,-1"
1778765643.6998153,99060,101.64,2.38,99.27,"99060,101.64,2.38,99.27,0.00,IDLE,0,-1"
1778765643.79973,99160,101.40,2.13,99.27,"99160,101.40,2.13,99.27,0.00,IDLE,0,-1"
1778765643.9004939,99260,101.40,2.13,99.27,"99260,101.40,2.13,99.27,0.00,IDLE,0,-1"
1778765644.0002887,99360,101.40,2.13,99.27,"99360,101.40,2.13,99.27,0.00,IDLE,0,-1"
1778765644.0997448,99460,101.64,2.38,99.27,"99460,101.64,2.38,99.27,0.00,IDLE,0,-1"
1778765644.2002616,99560,101.64,2.38,99.27,"99560,101.64,2.38,99.27,0.00,IDLE,0,-1"
1778765644.3003988,99660,101.40,2.13,99.27,"99660,101.40,2.13,99.27,0.00,IDLE,0,-1"
1778765644.3998091,99760,101.64,2.38,99.27,"99760,101.64,2.38,99.27,0.00,IDLE,0,-1"
1778765644.4993703,99860,101.64,2.38,99.27,"99860,101.64,2.38,99.27,0.00,IDLE,0,-1"
1778765644.600249,99960,101.40,2.13,99.27,"99960,101.40,2.13,99.27,0.00,IDLE,0,-1"
1778765644.6994011,100060,101.40,2.13,99.27,"100060,101.40,2.13,99.27,0.00,IDLE,0,-1"
1778765644.799546,100160,101.64,2.38,99.27,"100160,101.64,2.38,99.27,0.00,IDLE,0,-1"
1778765644.9014802,100260,101.64,2.38,99.27,"100260,101.64,2.38,99.27,0.00,IDLE,0,-1"
1778765644.9997175,100360,101.40,2.13,99.27,"100360,101.40,2.13,99.27,0.00,IDLE,0,-1"
1778765645.0998557,100460,101.64,2.38,99.27,"100460,101.64,2.38,99.27,0.00,IDLE,0,-1"
1778765645.2009308,100560,101.64,2.38,99.27,"100560,101.64,2.38,99.27,0.00,IDLE,0,-1"
1778765645.3001425,100660,101.64,2.38,99.27,"100660,101.64,2.38,99.27,0.00,IDLE,0,-1"
1778765645.4001248,100760,101.64,2.38,99.27,"100760,101.64,2.38,99.27,0.00,IDLE,0,-1"
1778765645.5003603,100860,101.64,2.38,99.27,"100860,101.64,2.38,99.27,0.00,IDLE,0,-1"
1778765645.5996037,100960,101.64,2.38,99.27,"100960,101.64,2.38,99.27,0.00,IDLE,0,-1"
1778765645.6991417,101060,101.64,2.38,99.27,"101060,101.64,2.38,99.27,0.00,IDLE,0,-1"
1778765645.800711,101160,101.64,2.38,99.27,"101160,101.64,2.38,99.27,0.00,IDLE,0,-1"
1778765645.9000328,101260,101.64,2.38,99.27,"101260,101.64,2.38,99.27,0.00,IDLE,0,-1"
1778765646.0002532,101360,101.64,2.38,99.27,"101360,101.64,2.38,99.27,0.00,IDLE,0,-1"
1778765646.0997553,101460,101.64,2.38,99.27,"101460,101.64,2.38,99.27,0.00,IDLE,0,-1"
1778765646.2000766,101560,101.89,2.62,99.27,"101560,101.89,2.62,99.27,0.00,IDLE,0,-1"
1778765646.3006697,101660,101.64,2.38,99.27,"101660,101.64,2.38,99.27,0.00,IDLE,0,-1"
1778765646.39937,101760,101.64,2.38,99.27,"101760,101.64,2.38,99.27,0.00,IDLE,0,-1"
1778765646.5001516,101860,101.64,2.38,99.27,"101860,101.64,2.38,99.27,0.00,IDLE,0,-1"
1778765646.6006696,101960,101.64,2.38,99.27,"101960,101.64,2.38,99.27,0.00,IDLE,0,-1"
1778765646.6997392,102060,101.64,2.38,99.27,"102060,101.64,2.38,99.27,0.00,IDLE,0,-1"
1778765646.8004262,102160,101.64,2.38,99.27,"102160,101.64,2.38,99.27,0.00,IDLE,0,-1"
1778765646.9005835,102260,101.89,2.62,99.27,"102260,101.89,2.62,99.27,0.00,IDLE,0,-1"
1778765647.0003786,102360,101.64,2.38,99.27,"102360,101.64,2.38,99.27,0.00,IDLE,0,-1"
1778765647.0998166,102460,101.64,2.38,99.27,"102460,101.64,2.38,99.27,0.00,IDLE,0,-1"
1778765647.1999805,102560,101.89,2.62,99.27,"102560,101.89,2.62,99.27,0.00,IDLE,0,-1"
1778765647.2993863,102660,101.89,2.62,99.27,"102660,101.89,2.62,99.27,0.00,IDLE,0,-1"
1778765647.3999696,102760,101.64,2.38,99.27,"102760,101.64,2.38,99.27,0.00,IDLE,0,-1"
1778765647.4998853,102860,101.64,2.38,99.27,"102860,101.64,2.38,99.27,0.00,IDLE,0,-1"
1778765647.599147,102960,101.64,2.38,99.27,"102960,101.64,2.38,99.27,0.00,IDLE,0,-1"
1778765647.7001207,103060,101.64,2.38,99.27,"103060,101.64,2.38,99.27,0.00,IDLE,0,-1"
1778765647.8010323,103160,101.64,2.38,99.27,"103160,101.64,2.38,99.27,0.00,IDLE,0,-1"
1778765647.9000256,103260,101.64,2.38,99.27,"103260,101.64,2.38,99.27,0.00,IDLE,0,-1"
1778765648.0002267,103360,101.64,2.38,99.27,"103360,101.64,2.38,99.27,0.00,IDLE,0,-1"
1778765648.1001735,103460,101.89,2.62,99.27,"103460,101.89,2.62,99.27,0.00,IDLE,0,-1"
1778765648.199926,103560,101.64,2.38,99.27,"103560,101.64,2.38,99.27,0.00,IDLE,0,-1"
1778765648.3003953,103660,101.64,2.38,99.27,"103660,101.64,2.38,99.27,0.00,IDLE,0,-1"
1778765648.400527,103760,101.64,2.38,99.27,"103760,101.64,2.38,99.27,0.00,IDLE,0,-1"
1778765648.4998913,103860,101.64,2.38,99.27,"103860,101.64,2.38,99.27,0.00,IDLE,0,-1"
